mellanmål,1
inbyggd,1
hårig,1
konstruera,1
skvaller,1
återbetalning,1
entreprenörskap,1
kontur,1
natt,2
medel,1
fort,1
testamente,1
halvtimme,1
tå,1
uppenbarelse,1
utelämna,1
part,2
skrynkla,1
igen,1
kontext,1
rehabilitering,1
vital,1
gräsmatta,1
deponera,1
bakåt,1
slutgiltig,1
fascinera,1
samtalspartner,1
arbetstagare,1
anteckning,1
kompromissa,1
påhitt,1
inspektör,1
fastställa,1
experiment,1
reträtt,1
förbluffa,1
galleri,1
tonåring,1
behaglig,1
växla,1
förnuftig,1
anföra,1
lagförslag,1
agent,1
uppställning,1
komfort,1
presentera,1
siffra,1
strategisk,1
återhämtning,1
yngling,1
raffinera,1
komponera,1
trofe,1
medicinsk,1
presentation,1
samvete,1
författning,1
förtal,1
spilla,1
först,1
cd,2
stänga,2
choklad,1
avlyssning,1
profil,1
socialt,1
svenskspråkig,1
parfym,1
attentat,1
lakan,2
ifrån,1
golf,1
sesam,1
arbetsdag,1
kallelse,1
folkparti,1
bifoga,1
encyklopedi,1
prata,1
nytta,1
framkomma,1
påvisa,1
damm,2
mångfaldig,1
förtroende,1
glänsande,1
uppfödning,1
gnälla,1
otillräcklig,1
verksamhet,1
urin,1
lapp,1
summera,1
skrapa,1
areal,1
minnesmärke,1
återupptäcka,1
spela,1
tämligen,2
samarbete,1
sjukdom,1
upprätthålla,1
tempo,1
vetenskapsman,1
exempelvis,1
osäkerhet,1
utanförskap,1
koloni,1
morfar,1
klumpig,1
slå,2
känsla,1
förmåga,1
intern,1
bonus,1
körkort,1
möjlighet,1
renovera,1
stolthet,1
veterinär,1
halvtid,1
match,1
pågå,1
brigad,1
konsortium,1
islamisk,1
samtid,1
avliden,1
emigrant,1
självklar,1
hänvisa,1
ansluta,1
akademisk,1
följaktligen,1
mobil,1
rensa,2
koalition,1
sikt,1
pasta,1
organism,1
bundsförvant,1
kristdemokrat,1
hundratal,1
tydlighet,1
hälsovård,1
akustik,1
ålder,1
förlåtelse,1
arton,2
bakgrund,1
låda,1
finansminister,1
dödlig,1
interaktiv,1
anledning,1
alkohol,1
förskola,1
spel,1
undergång,1
försäljare,1
terrass,1
katolsk,1
nyårsafton,1
optisk,1
vy,2
byggande,1
knapp,1
skåda,1
miljöfråga,1
tumme,1
våg,3
öppen,1
säkerhetspolitik,1
idealisk,1
silke,1
väcka,2
studera,1
pinne,2
förvirrad,1
än,2
riksdag,1
bolag,2
ändamål,1
rival,1
blanda,1
frågetecken,1
jordgubbe,1
utsläpp,1
fan,2
flykt,1
propp,1
markera,1
villig,1
oförmåga,1
personell,1
värld,1
märklig,1
budget,1
inrymma,1
ingen,1
utgångspunkt,1
näringsliv,1
överträda,1
brännvin,1
marmelad,1
som,4
förse,1
ovanligt,1
trogen,1
bebis,1
cyklist,1
förnyelse,1
växthus,1
medeltid,1
citron,1
patrull,1
ingående,1
sammanfatta,1
dagsläge,1
kostsam,1
otänkbar,1
dån,1
till,1
träd,2
hare,1
kollektiv,1
växelkurs,1
berusad,1
äktenskap,1
tavla,1
medfödd,1
transportera,1
kriga,1
undervärdera,1
kommunist,1
pumpa,2
komedi,1
attackera,1
fragment,1
internationalisering,1
europe,1
ammunition,1
vakuum,1
signera,1
granska,1
rökning,3
vindkraft,1
paus,2
konkret,1
avrättning,2
emot,1
beakta,1
objektiv,1
förtrolig,1
allmän,1
adel,1
protein,1
komplement,1
taxa,1
sen,2
lämplig,2
kant,1
instruktion,1
forska,1
arrangör,1
telefon,1
drivkraft,1
uthyrning,1
femton,1
vind,1
imperium,1
emellanåt,1
drunkna,1
chans,1
glida,1
plånbok,1
söderut,1
autonomi,1
hårt,4
mysig,1
låga,1
förhindra,1
skivbolag,1
iver,1
signalspaning,1
engelskspråkig,1
kosta,1
kristall,1
hela,2
barriär,1
övervikt,1
charmerande,1
institut,1
upptäckt,1
tron,1
innehavare,1
designer,1
pilgrimsfärd,1
planerad,1
trovärdig,1
missförstå,1
ryggsäck,1
oroväckande,1
väktare,1
slott,2
digital,1
boende,1
debattartikel,1
utlänning,1
jättebra,1
andra,1
luft,1
insikt,1
cykel,1
förvärra,1
rätt,2
byta,1
välsignelse,1
vass,2
skingra,1
triangel,1
ned,2
röka,5
samtlig,1
aktivist,1
lätthet,1
efterhand,1
besättning,1
skämta,1
bärbar,1
ädel,1
förälder,1
ösa,3
handlingsplan,1
likvärdig,1
inredning,1
tangentbord,1
ljus,1
kommunikativ,1
riktigt,1
kurs,2
moment,1
uthållighet,1
slank,1
änkling,1
tolka,1
fot,1
skum,1
korridor,1
tillåta,1
slutföra,1
förbruka,1
packe,1
påföljande,1
mikrofon,1
alarm,1
sammanhängande,1
syssling,1
beta,1
omfattande,1
fönster,1
tätt,1
tidsperiod,1
herr,1
föredra,1
optimistisk,1
kandidatur,1
påstå,1
generation,1
snö,1
servera,1
afrikansk,1
bevisligen,1
dofta,1
modus,1
andedräkt,1
alltså,1
sjö,2
uppfattning,1
rosa,3
manus,1
inkomstskatt,1
tillbringa,1
orealistisk,1
förkorta,1
jeans,1
vänligen,2
avkastning,1
stel,3
auktoritär,1
tillgripa,1
osynlig,1
pool,1
sextio,1
tid,2
behov,1
införa,1
innefatta,1
smal,3
offert,1
resväska,1
kartlägga,1
införliva,1
bakre,1
undra,1
bryta,1
imponerande,1
tillträde,1
belägg,1
fana,1
lärobok,1
myndig,1
elektron,1
försörja,1
prinsessa,1
destruktiv,1
hastig,1
funktionalitet,1
sittning,1
arkivera,1
tesked,1
ändra,1
kvinnlig,1
kommitte,1
oändlig,1
landshövding,1
applådera,1
agera,2
härlig,1
motionär,1
raka,1
inträffa,1
utge,1
koka,2
specialitet,1
adlig,1
art,2
proposition,1
varmt,1
marsch,1
fatal,1
aktie,1
likt,1
trång,1
skälig,1
dels,1
vis,1
karaktär,1
obekväm,1
teknologisk,1
oanvändbar,1
sönder,1
uppföra,1
reformera,1
genetiskt,1
tre,1
ost,2
dåligt,1
recension,1
pressa,1
tät,3
ek,2
globalisering,1
utbyta,1
även,1
antal,1
länsstyrelse,1
överflödig,1
rondell,1
valfrihet,1
akt,1
varm,2
lida,1
yttre,1
beräkning,1
östra,1
mänsklig,1
häl,3
fiske,1
efterföljande,1
intag,1
varav,1
tjänsteman,1
fullfölja,1
läsesal,1
eka,1
notera,1
oberoende,1
ladda,1
verkan,1
störning,1
intuition,1
handske,1
förtrycka,1
farväl,1
monter,1
ben,1
beteende,1
novell,1
kupong,1
kul,2
brev,1
rymd,2
ojämn,1
partikel,1
stor,2
olik,1
överallt,1
böter,1
avveckling,1
påtala,1
vid,2
platta,2
författa,1
stapla,1
tydligen,1
olämplig,1
visuell,1
likaledes,1
tillfreds,1
fågel,1
omgång,1
motta,1
stadigt,1
ände,1
broschyr,1
utbildningsminister,1
igång,1
kull,1
slätt,1
manöver,1
lydelse,1
bomba,1
romersk,1
zon,1
korporativ,1
england,1
addera,1
kirurgi,1
vindruva,1
ämne,1
skrämma,1
grafisk,1
robot,1
entydig,1
utväxling,1
katt,1
innanför,1
märkning,1
accent,1
nobel,1
test,1
inge,1
arkitekt,1
långvarig,1
frysa,1
flygel,1
klassificering,1
religiös,1
arbetsgivare,1
snack,1
kalender,1
identifiering,1
sociologi,1
hjälpmedel,1
attrahera,1
kris,1
afghansk,1
brudgum,1
ämna,1
begränsa,1
vistas,1
baltisk,1
vicepresident,1
gränsområde,1
främre,1
okej,1
gravera,1
tillmäta,1
nyttighet,1
smycke,1
bedriva,1
spelregel,1
charm,1
ledsaga,1
länge,2
grabb,1
kännedom,1
same,3
kontinuerligt,1
herravälde,1
produktion,1
snarast,1
skida,1
mekaniker,1
majoritet,1
allvarlig,1
journalistisk,1
lagändring,1
belöning,1
benägen,1
berättigande,1
besked,1
minskning,1
inomhus,1
världslig,1
bråttom,1
vinnare,1
trist,2
omkomma,1
stick,1
istället,1
förpackning,1
tag,2
order,1
samordning,1
psykiatrisk,1
neka,2
tvätta,1
rör,3
best,1
begynnelse,1
berömmelse,1
jobb,1
enighet,1
ointressant,1
kontinental,1
stelna,1
mått,2
änkeman,1
samfund,1
väv,3
ankomma,1
paj,4
diskutera,1
skilja,1
figur,1
förhålla,1
plåster,1
konsekvens,1
stämma,1
gräs,2
trams,1
kvarn,1
sydväst,1
uttrycklig,1
kvarlåtenskap,1
svärfar,1
segra,1
styv,1
specificitet,1
spränga,1
transplantera,1
elev,1
förneka,1
engagera,1
reflektera,1
tendera,1
syntes,1
anpassning,1
sås,3
trettionde,1
delning,1
teologi,1
krock,1
vila,2
föredöme,1
interaktion,1
borg,1
vokal,1
skolväska,1
ont,3
ringa,1
funktion,1
informera,1
opinion,1
klibba,1
värdefull,1
praktisera,1
astma,1
arbetsrum,1
femtonde,1
demokrat,1
främst,1
fruktansvärt,1
gången,1
småföretag,1
glans,1
jaga,2
avsätta,2
uppdelning,1
synbar,1
förut,1
flygplan,1
tortera,1
badkar,1
norsk,1
affärsman,1
värdegrund,1
piano,1
anskaffa,1
prick,1
vykort,1
era,2
samla,2
genomgå,1
klick,1
trailer,1
ring,1
hata,2
egenskap,1
kvarstå,1
missnöjd,2
ministerium,1
protestera,1
amerikansk,1
börs,1
behärska,1
korkad,1
modifikation,1
upprepat,1
fynd,1
scenario,1
lokal,2
psykolog,1
lera,1
korrekthet,1
utsända,1
faktum,1
indelning,1
fyrkantig,1
krämpa,1
hök,3
larm,1
nunna,1
metropol,1
organ,1
kran,2
bearbetning,1
baron,1
tabu,1
kolonn,1
vetskap,1
jämlik,1
förstora,1
överlämning,1
knä,1
proletariat,1
ära,3
avlägsen,1
underkasta,1
överdrift,1
flitig,1
kidnappa,1
blomstra,1
poem,1
sken,1
flytande,1
spaning,1
omöjlighet,1
decimal,1
produktivitet,1
grammatisk,1
ens,3
inspirera,1
leende,1
jämförbar,1
rekrytering,1
välvilja,1
cirka,1
hänga,1
övernaturlig,1
var,1
bevis,1
domän,1
maka,2
ur,1
fästmö,1
läroplan,1
intellekt,1
lim,1
mätare,1
sydlig,1
höft,1
propaganda,1
mässa,2
festival,1
påse,1
försiktigt,1
autonom,1
hem,2
utföra,1
skita,3
rock,3
ministerråd,1
umgänge,1
lyckas,1
livsmedel,1
förkunna,1
vederbörlig,1
plommon,1
forcerad,1
generellt,1
missförstånd,1
rån,1
limma,1
skydd,1
flyta,1
enkät,1
porto,1
feminist,1
ensamstående,1
barnfamilj,1
söka,5
sträckning,1
massmedium,1
syskonbarn,1
utvecklare,1
beskriva,1
specifik,1
okänd,1
registrera,1
förvalta,1
nyfödd,1
protestantisk,1
ofrivillig,1
skyltfönster,1
bestiga,1
välkommen,1
frälsning,1
trohet,1
läcker,1
lås,7
skjorta,1
snällt,1
solidarisk,1
favör,1
nummer,1
avslöja,1
mode,1
fotnot,1
västlig,1
oerhört,1
dimension,1
tryggt,1
egentligen,1
snart,2
professor,1
kväva,1
stött,1
vetenskap,1
kraftigt,1
lax,1
vit,1
utmed,1
matris,1
explosion,1
bildskärm,1
inskrivning,1
mitt,1
strax,1
måltid,1
stopp,1
trauma,1
imitera,1
integral,1
inverkan,1
barnbarn,1
sektion,1
luta,1
tårta,2
valdeltagande,1
två,1
synpunkt,1
befria,1
evighet,1
marginell,1
gjuta,1
dvd,1
blöt,1
stilig,1
stark,1
hemmaplan,1
feber,1
byråkratisk,1
diagnostisk,1
ursprung,1
fördela,1
sänkning,1
enig,1
svält,1
bagare,1
formge,1
procent,1
filt,2
tänkbar,1
försätta,1
anfall,1
osanning,1
svartsjuk,1
auktoritet,1
inlärning,1
tunna,1
kår,7
fria,1
livad,1
pålitlig,1
syra,1
kvitt,1
kapa,1
förlora,1
bedömning,1
yla,1
stoppa,1
uppfatta,1
deltagande,1
info,1
föredrag,1
rimligen,1
färg,1
hushåll,1
påverkan,1
telefonsamtal,1
faktura,1
botemedel,1
dessutom,1
blockera,1
laser,1
verklighet,1
biskop,1
röstning,1
blues,1
fjäll,1
batteri,1
utöka,1
känslomässig,1
profit,1
företräde,1
företeelse,1
förebygga,1
oförrätt,1
färdig,1
slaveri,1
betjäna,1
fyr,2
utsträckning,1
samhällelig,1
islamistisk,1
bedragare,1
ärkebiskop,1
sedel,1
själ,3
bifall,1
socker,1
frestelse,1
rea,1
sammandrag,1
betyda,1
bygd,1
krånglig,1
rättfram,1
undan,1
besegra,1
diamant,1
parad,1
profylax,1
jacka,1
revolutionerande,1
överskrida,1
plugga,2
skrivande,1
utebli,1
uppskattning,1
palats,1
överblick,1
landning,1
volym,1
abort,1
departement,1
kontingent,1
kök,3
överta,2
statistisk,1
omvänd,1
helig,1
status,1
epok,1
utsätta,2
favorit,1
framlägga,1
kryssning,1
flest,1
torr,2
åtagande,1
yxa,1
toppmöte,1
budgetproposition,1
åker,1
beslut,1
distribuera,1
betydligt,1
omgivning,1
sändning,1
varg,2
expert,1
innebörd,1
avsky,1
släkt,2
stirra,1
parentes,1
vägledande,1
sjuk,1
klassiker,1
miss,1
spårvagn,1
naturresurs,1
lärorik,1
explosiv,1
veta,1
helt,1
producera,1
dialog,1
positivt,1
indian,1
avseende,1
stram,1
duga,1
passande,1
stockning,1
progression,1
klass,2
framgångsrik,1
nyckel,1
story,1
beklaglig,1
annullera,1
bänk,1
krävande,1
visst,1
täcka,2
rang,1
etablera,1
generell,1
sålunda,1
lansera,1
synlig,2
multinationell,1
nordost,1
aldrig,1
medvetande,1
lock,2
efternamn,1
ivrig,1
fysisk,1
förlängning,1
ödmjuk,1
nerv,1
pilgrim,1
riva,2
resonera,1
bark,1
talrik,1
ful,2
humor,1
lagom,1
avta,1
dragning,1
skadad,1
tiotal,1
monetär,1
slagsmål,1
asfalt,1
rådjur,1
position,1
sökande,1
utdrag,1
premiss,1
startpunkt,1
glädjande,1
strikt,1
balanserad,1
utdragen,1
bestå,1
välsignad,1
högtid,1
massa,1
internationell,1
kriminalitet,1
insekt,1
nöjd,2
vetenskaplig,1
förfalla,1
strävan,1
bristfällig,1
dynamik,1
bomull,1
bondgård,1
upphovsrätt,1
omsorg,1
ålägga,1
officer,1
boplats,1
resa,2
kontrollera,1
olycka,1
väntan,1
elektromagnetisk,1
förbluffande,1
utbildning,1
artist,1
tillägg,1
final,1
tröskel,1
dröjsmål,1
bok,1
framtid,1
enkel,1
besvara,1
elfte,1
apelsin,1
tur,1
mångkulturell,1
intensivt,1
nattlig,1
vävnad,1
födelsemärke,1
utredning,1
ris,1
hänvisning,1
cool,1
beslutsfattare,1
fästman,1
underbar,1
användare,1
motbevisa,1
mittemot,1
fet,2
last,2
granne,1
förlåta,1
vaccin,1
utom,2
springa,1
ologisk,1
avfärda,1
utrustning,1
dimma,2
sällan,1
nyligen,1
berörd,1
förfoga,1
successiv,1
ackumulera,1
såklart,1
tomt,1
mynt,1
kabel,1
midnatt,1
mobilisering,1
dyka,1
tillbehör,1
lokalisera,1
retorik,1
utbyggnad,1
lojal,2
perspektiv,1
fördrag,1
noga,1
tillhandahålla,1
drift,1
spanare,1
röja,5
vänster,1
puss,1
ögonbryn,1
oktober,1
plan,2
misshandla,1
sångare,1
öppning,1
chips,1
frånskild,1
periodiskt,1
arbeta,1
tillsammans,1
bokstavlig,1
antyda,1
sparka,1
godta,1
drabba,1
läkare,1
regn,1
tro,1
borgare,1
framgång,1
fira,1
densitet,1
ikapp,2
giftig,1
verifiera,1
tidsschema,1
praktik,1
öre,1
årtal,1
logotyp,1
invändig,1
blus,1
översida,1
by,1
tillfällig,1
rösträtt,1
pizza,1
affisch,1
ventil,1
kraftfull,1
önskan,1
teater,1
förstörelse,1
redo,1
beteckning,1
snurra,1
horn,1
ryck,1
grov,1
skit,1
bringa,1
nedladdning,1
kommentera,1
föregående,1
bråk,1
gagna,1
mellanliggande,1
ombyggnad,1
inbillning,1
världsbild,1
diplomati,1
polis,1
förbjuda,1
ombord,1
konstatera,1
utfall,1
slutändan,1
misstanke,1
biologi,1
studsa,1
försvåra,2
vanligen,1
omdöme,1
konsekvent,1
fascism,1
kilometer,1
observatör,1
grönsak,1
krocka,1
poäng,1
återigen,1
vana,1
besitta,1
livslängd,1
enorm,1
entusiasm,1
bjälke,1
intellektuell,1
advokat,1
öl,1
matematik,1
riksdagsparti,1
vett,1
gift,1
vari,2
välfärd,1
rykte,1
mogen,1
komplett,1
vardagsrum,1
förhållandevis,1
vägnar,1
hydda,1
stekpanna,1
besk,1
liksom,1
ting,1
instans,1
tunga,1
arrestera,1
formel,1
skämt,2
teolog,1
karakterisera,1
sommarlov,1
bensinstation,1
medlemsstat,1
angelägen,1
lagra,1
assistent,1
närområde,1
anförtro,1
uppröra,1
genomträngande,1
svår,1
sommar,1
lidande,1
yttersta,1
skildring,1
serbisk,1
bäcken,1
an,2
rättighet,1
utvisning,1
kurva,1
besatthet,1
inbetalning,1
stearinljus,1
hans,1
smått,1
brygga,1
inuti,1
storföretag,1
prototyp,1
dö,3
tjej,1
ifall,1
förvånad,1
kassett,1
fysiologisk,1
sitta,1
kväll,1
korrigera,1
åsikt,1
godkänd,1
fruktansvärd,1
persisk,1
utflykt,1
kapitalism,1
brinna,1
åberopa,1
stackare,1
fläkt,1
optik,1
anfalla,1
tvärt,1
förträfflig,1
flyktig,1
atletisk,1
inse,2
syn,1
garantera,1
samråd,1
uttryckligen,1
erfarenhet,1
dagligen,1
avsaknad,1
fysiker,1
oföränderligt,1
enskild,1
justera,1
biografi,1
magasin,1
revolt,1
alldeles,1
höst,4
teckna,1
rådande,1
regna,1
garderob,1
slagfält,1
undre,1
råtta,3
reaktion,1
kriterium,1
ingrediens,1
farbror,1
fostra,1
riktig,1
indikera,1
obalans,1
atmosfärisk,1
nämna,1
anmärkningsvärd,1
bokstavligen,1
spädbarn,1
uppfyllelse,1
hjälp,1
ordna,1
överklaga,1
oändligt,1
kabinett,1
fasa,2
solidaritet,1
oväntad,1
konkurrenskraft,1
försena,1
tariff,1
runt,1
riksbank,1
klia,1
angrepp,1
referera,1
sval,2
ändlös,1
rapportera,1
äcklig,1
anhängare,1
vardaglig,1
befästa,1
skymning,1
kodifiera,1
make,1
rättvis,1
patetisk,1
tryckning,1
jul,2
genomsnittlig,1
passiv,1
fånig,1
gummi,1
eftersom,1
kors,4
förbund,1
legendarisk,1
filial,1
upphöjd,1
tio,3
ekonomiskt,1
avslutning,1
piratparti,1
regim,1
växande,1
försoning,1
årsmöte,1
stridslysten,1
tågstation,1
negativ,1
prov,1
tortyr,1
hänseende,1
skymta,1
vilseleda,1
allt,1
avlida,1
koja,2
belysning,1
interiör,1
tekniskt,1
definitivt,1
bekräftelse,1
sammanfalla,1
talarstol,1
ekonomi,1
mening,1
känd,1
publik,1
brottslighet,1
före,2
hustru,1
diskriminera,1
avundsjuka,1
sammankomst,1
turkos,1
negativt,1
fotografera,1
assistans,1
medlidande,1
patriotism,1
förutbestämma,1
ko,2
missa,1
tillämpning,1
fokusera,1
hypotes,1
utrikespolitisk,1
bland,1
vittne,1
kondition,1
gnistra,1
höra,2
grej,2
ihjäl,1
förskott,1
förkroppsligande,1
logisk,1
taktik,1
kedja,1
singularis,1
aning,1
tillverkning,1
melodi,1
situation,1
länk,1
koncern,1
kappa,2
online,1
liknelse,1
aktualisera,1
undanröja,1
och,1
ordinarie,1
arkiv,1
uppsats,1
maffia,1
arrestering,1
iskall,1
ömhet,1
uppmuntra,1
deklaration,1
appell,1
förvirra,1
där,3
framhålla,1
spegel,1
trösta,1
instifta,1
otvivelaktigt,1
svar,1
union,1
häck,1
bacon,1
utgrävning,1
flamma,1
halvår,1
uttag,1
ekumenisk,1
angående,1
slogan,1
psyke,1
cirkelformad,1
ven,2
förbli,1
insida,1
förvaring,1
kurera,1
ägarinna,1
vi,1
list,1
bekant,1
ledsen,1
första,1
duk,2
smaka,2
acceptabel,1
pigg,1
ankare,1
genast,1
ha,1
ställningstagande,1
besvikelse,1
brun,1
slutlig,1
formell,1
brand,1
rymlig,2
importera,1
substitut,1
enbart,1
natur,1
reporänta,1
skåp,3
kvadratmeter,1
sin,1
ord,1
eventuell,1
förvandla,1
hemsk,1
kast,2
arvode,1
hav,2
bestånd,2
framstående,1
spruta,1
gumma,1
fara,2
återlämna,2
ängel,1
pressmeddelande,1
finansiering,1
kändis,1
barnmorska,1
skyldig,1
legal,1
ungdomlig,1
periodisk,1
julgran,1
hinder,1
invändning,1
fika,1
genetiker,1
medarbetare,1
militant,1
prioritering,1
pizzeria,1
ändring,1
kränkning,1
bekanta,1
fax,1
helikopter,1
mottaglig,1
hamn,1
skikt,2
procentenhet,1
hemlös,1
budgetår,1
utrusta,1
ordbok,1
rullstol,1
total,1
påpeka,1
vete,1
huvudsaklig,1
kemisk,1
följande,1
oenig,1
hälft,1
önskvärd,1
genetisk,1
uppehålla,1
lyssnare,1
intrig,1
eventuellt,1
arrest,1
ner,1
genomsnitt,1
huvudvärk,1
nykomling,1
utpräglad,1
bas,2
fastän,1
styre,1
index,1
kruka,1
sammanstötning,1
tjugo,1
bil,1
följeslagare,1
frige,1
legitimation,1
gedigen,1
från,2
grepp,1
yta,1
överväga,1
poängtera,1
andetag,1
gås,3
ledning,1
ömsesidig,1
invånare,1
dansa,1
giltig,1
uttråkad,1
olivträd,1
brottslig,1
nattvard,1
bi,1
mentor,1
kommande,1
decennium,1
förefalla,1
förespråka,1
fond,1
underjordisk,1
regel,2
bygga,1
varv,2
timmer,1
komplikation,1
vice,1
säte,2
lågt,1
övervinna,2
primitiv,1
täckt,1
ge,1
tappa,1
bilaga,1
rättslig,1
åtskillig,1
inskränkning,1
agenda,1
pryl,1
felaktigt,1
uråldrig,1
yttra,1
ingenstans,1
jungfru,1
lexikon,1
frivillig,1
bad,1
personuppgift,1
gymnasieskola,1
samtala,1
motpart,1
sammanlagt,1
förväntan,1
grundläggande,1
delegation,1
råolja,1
frivilligt,1
möda,1
päls,1
metall,1
kollegium,1
döda,2
njuta,1
prägla,1
halva,1
hårddisk,1
anarkist,1
enligt,1
tröja,1
via,2
redan,2
skylla,1
modig,1
svänga,2
riktning,1
ström,1
moln,1
disponera,1
bullra,1
stig,1
klang,1
biff,2
varna,1
reflektion,1
finländsk,1
skull,1
get,2
borgmästare,1
behandling,1
förstöra,2
obehaglig,1
splittring,1
strömma,1
försiktighet,1
stiga,1
roligt,1
sympati,1
utstå,1
snäv,1
oreda,1
missbruk,1
investerare,1
omfamna,1
lobby,1
bläck,1
läsa,7
visum,1
höghus,1
vår,2
våt,3
knipa,1
skolgård,1
befolkning,1
motarbeta,1
kvadrat,1
juvel,1
fall,1
näst,1
vinkel,1
nagel,1
reaktor,1
studiekamrat,1
språkbruk,1
hosta,1
döpa,2
text,1
start,2
mord,2
bosatt,1
klänning,1
böra,2
plats,1
morgon,1
överens,1
bokstav,1
elak,1
närliggande,1
lagring,1
säga,2
konflikt,1
skaffa,1
metafor,1
dosering,1
legering,1
avslå,1
dumt,1
förlägga,1
obegränsad,1
mognad,1
nu,1
schema,1
ändamålsenlig,1
överhuvud,1
alternativt,1
filma,1
mötesplats,1
modifiera,1
slicka,2
köpa,7
palestinier,1
testa,1
vårda,1
turk,1
ohållbar,1
uppgradera,1
kudde,1
knackning,1
isländsk,2
dramatiskt,1
nordväst,1
te,2
föreslå,1
rakt,3
dygn,1
välgörenhet,1
vårdare,1
film,1
medborgare,1
tant,1
fascistisk,1
utbrista,1
hållbarhet,1
terrorism,1
sväng,2
innehav,1
behaga,1
accelerera,1
uppgift,1
medverka,1
fotfolk,1
kompanjon,1
delaktig,2
krog,1
hals,1
hockey,1
befälhavare,1
lukt,2
förväxla,1
lågstadium,1
yttrandefrihet,1
installera,1
vida,1
ägarskap,1
fas,2
britt,1
konsensus,1
utväg,1
teoretiskt,1
förfrågan,1
framstå,1
beskatta,1
byggnation,1
nedgång,1
höjning,1
byrå,1
får,3
rota,2
tingsrätt,1
bestående,1
kock,2
olympiad,1
gilla,1
ansvara,1
övre,1
förakta,1
idrottsman,1
besluta,1
glömma,1
illegal,1
bistå,1
landsman,1
elektriker,1
justering,1
cigarett,1
förmedling,1
tursam,1
adress,1
höjdpunkt,1
diagnostisera,1
ångra,1
avveckla,1
hotfull,1
villighet,1
hjärta,1
utrikespolitik,1
parlamentarisk,1
tidigare,1
diverse,1
konsul,1
geometri,1
stadgande,1
inledningsvis,1
slaktare,1
träffa,1
verk,1
skarp,2
spåra,1
avkomma,1
kavaj,1
pose,1
majestät,1
räkna,1
lek,1
huvud,1
intelligent,1
subjekt,1
nalle,1
början,1
ungkarl,1
loss,4
porträtt,1
ansvarsfull,1
blöda,1
kafe,1
täthet,1
alle,1
jetplan,1
öva,3
läsning,4
topp,2
bibliotek,1
attraktiv,1
privatperson,1
enhet,1
imorgon,1
torg,1
kamel,1
orka,1
anklaga,1
smälta,1
härligt,1
rättsstat,1
trosa,1
nästan,1
säkra,1
kapacitet,1
jorden,1
certifikat,1
oerfaren,1
back,1
premiär,1
anknyta,1
operation,1
erfaren,1
representativ,1
lönsamhet,1
skrivbord,1
underordna,1
bära,2
baby,1
garage,1
frågeformulär,1
stat,2
fylla,1
anonym,1
komma,1
sexualitet,1
redskap,1
hemgift,1
ekonomisk,1
grundval,1
gravid,1
seg,1
undervåning,1
usel,1
spricka,1
romantik,1
immigrant,1
fusk,1
idiotisk,1
video,1
spendera,1
sammansättning,1
inbördes,1
yr,1
socialist,1
omnämna,1
hugg,1
matematiker,1
asyl,1
vakt,2
putsa,1
skam,2
anpassa,1
fjärdedel,1
sårande,2
tillföra,1
regissör,1
kulle,1
kyss,1
avdela,1
kämpa,1
daglig,1
anmärkning,1
berika,1
begåvning,1
åtanke,1
lur,1
utställning,1
guld,1
tävla,1
mottagare,1
underbart,1
prat,1
pina,1
manifestera,1
kommentator,1
stå,1
flertal,1
åstadkomma,1
potentiell,1
gigantisk,1
akut,1
övernatta,1
systerson,1
använda,1
kräva,1
kollektivavtal,1
argumentation,1
spridd,1
handväska,1
dans,1
journalistik,1
överdriven,1
finanser,1
förfölja,1
näsa,2
pil,2
administrativ,1
förankring,1
vapenvila,1
minimum,1
åklagarmyndighet,1
svårt,1
kod,1
styrning,1
sedermera,1
utomstående,1
kandidera,1
upprepa,1
förintelse,1
överföring,1
totalitär,1
bombning,1
fundera,1
nej,1
rymma,1
spjut,1
beskyddare,1
panna,2
justitieminister,1
tvärs,1
adoptera,1
hetta,1
sönderfall,1
utveckling,1
motsvarighet,1
experimentera,1
pund,3
återgång,2
arbetsuppgift,1
baksida,1
understryka,1
skaka,2
transaktion,1
trick,1
toppen,1
dölja,3
laddad,1
integrering,1
yoghurt,1
namnteckning,1
ande,1
socka,2
arbetarrörelse,1
skulptur,1
inbördeskrig,1
tolv,1
bevisa,1
anordna,1
kö,1
ingång,1
börja,1
vidareutveckling,1
supa,3
operativ,1
hädanefter,1
famn,2
dunkel,1
applikation,1
jubileum,1
farförälder,1
punkt,2
räcka,1
dylik,1
rättvisa,1
iransk,1
pedagog,1
sparsam,1
läglig,1
yrkesman,1
intervjua,1
attribut,1
paradoxal,1
brevväxling,1
flanera,1
begränsning,1
uppbära,1
storslagen,1
dagsljus,1
tematisk,1
datum,1
rättfärdighet,1
suga,1
åtgärda,1
ofattbar,1
påbud,1
licens,1
tröst,1
strålning,1
bägare,1
projektion,1
för,3
nyfiken,1
regeringsform,1
ytterlig,1
vag,2
brant,1
paroll,1
förutsäga,1
katedral,1
modul,1
himmel,1
svärd,1
förtvivlad,1
snuskig,1
all,1
förnuft,1
stifta,1
föreläsare,1
ridning,1
norge,1
andel,1
farlig,1
tålamod,1
examen,1
professionell,1
regi,1
flitigt,1
programmering,1
rolig,2
önska,1
finansiera,1
självständighet,1
briljant,1
avsked,1
industriell,1
sammanhållning,1
tandläkare,1
uppskov,1
leverera,1
underlig,1
upphäva,1
tomrum,1
lärare,4
såvida,1
banan,1
islamist,1
fortsättningsvis,1
nationalstat,1
nedanstående,1
direkt,1
övergång,2
tillit,1
allvarligt,1
förhör,1
ofördelaktig,1
serie,1
ständig,1
ståndpunkt,1
förmiddag,1
förtvivlan,1
filter,1
is,1
bred,1
stödja,1
bekväm,1
främling,1
klinik,1
parameter,1
kille,1
fullständig,1
fantastiskt,1
mobilisera,1
stabilisera,1
henne,1
osäker,1
glas,1
hjul,1
flygning,1
moderlig,1
tillförlitlig,1
miljon,1
arbetskraft,1
parallell,1
påsk,1
distributör,1
vidröra,1
definitiv,1
stol,1
orsaka,1
kommunikation,1
kontrast,1
påtagligt,1
signalera,1
stadsdel,1
databas,1
dikt,2
uteslutande,1
värdesätta,1
pendla,1
likna,1
översättning,1
jämförelse,1
boka,2
förlopp,1
haka,1
tillsätta,1
avlägsna,1
kloster,1
hyresgäst,1
triumf,1
skådespelerska,1
naiv,1
hygien,1
kön,4
utbilda,1
oklar,1
omvandla,1
hantverk,1
radiostation,1
medium,1
därmed,1
knappt,1
dold,1
vitt,2
läktare,1
vecka,1
moderat,1
dekorera,1
njure,1
oregelbundenhet,1
förändring,1
tilltala,1
liknande,1
analytiker,1
underlåta,1
major,1
religionsfrihet,1
predikan,1
inlägg,1
sort,3
skina,1
herde,1
patologisk,1
tillfällighet,1
effektivt,1
skruv,1
båt,1
arbetsförmedling,1
lyx,1
reparation,2
dundra,1
malm,1
upplopp,1
det,2
ren,2
vatten,1
rörelse,1
intressant,1
skål,3
kosttillskott,1
kyrkogård,1
röd,2
försäkring,1
vägran,1
leta,2
redovisa,1
folkrätt,1
foster,1
betraktelse,1
lotteri,1
princip,1
skott,2
skeptisk,1
krypa,1
anskaffning,1
plötsligt,1
förfogande,1
källare,1
spontan,1
lagstiftning,1
honung,1
subtil,1
sammanträffande,1
brodera,1
lust,3
värdering,1
förorening,2
offentligt,1
överdriva,1
skrattretande,1
delvis,1
bäst,1
poker,1
avskrift,1
arbetslös,1
homosexuell,1
altare,1
sorgsenhet,1
måste,1
band,1
begäran,1
vidare,1
överskott,1
prioritet,1
snabbt,1
skrift,1
beundra,1
konstgjord,1
rumslig,1
acceptera,1
affär,1
galen,1
självstyre,1
tank,1
programmera,1
utnyttja,1
lager,1
sekt,1
immateriell,1
provisorisk,1
ficka,1
identisk,1
inställning,1
täcke,1
konsultation,1
organisation,1
bredvid,1
därpå,1
remiss,1
kyckling,1
manifest,1
faktiskt,1
härstamma,1
avreglering,1
intelligens,1
noggrannhet,1
såra,2
humanitär,1
graviditet,1
moraliskt,1
tillfoga,1
terminologi,1
varenda,1
lösning,4
trampa,1
offentlighet,1
rådgivande,1
utprovning,1
lampa,1
torka,1
kanna,1
anträffa,1
ringklocka,1
organiserad,1
skadestånd,1
spontant,1
stadion,1
adelsman,1
dess,1
minne,1
skarpt,1
avsiktligt,1
sätta,3
regent,1
glimt,1
kvalificera,1
rikligt,1
terroristisk,1
betäckning,1
koppling,1
lucka,2
klimatfråga,1
stabilisering,1
smaklös,1
ströva,2
självmord,1
offentliggöra,1
polack,1
prestanda,1
privilegierad,1
område,1
fuktig,2
föremål,1
utnyttjande,1
skiss,2
dilemma,1
sol,2
ovan,1
evolution,1
lov,1
tycke,1
käpp,2
tillbe,1
likviditet,1
term,1
nationellt,1
ambassad,1
ende,1
beställning,1
förfader,1
syrsa,1
perfekt,1
bestämd,2
datera,1
bidragande,1
utbetala,1
föräldralös,1
filtrera,1
glödlampa,1
lila,4
syfta,1
museum,1
spekulation,1
klistra,1
främlingsfientlig,1
ansiktsuttryck,1
bubbla,1
bevilja,1
erbjudande,1
ankomst,1
personligen,1
forma,1
mäktig,1
kamp,2
dubbelt,1
incitament,1
fokus,1
reglering,1
geografi,1
rådman,1
betydande,1
varumärke,1
roa,1
produktiv,1
avslöjande,1
skön,1
prins,1
trilla,1
låt,2
tam,2
uthärda,1
tvinga,1
jordbävning,1
marknadsföra,1
cirkulation,1
mission,1
rast,2
rättelse,1
somlig,1
pedagogisk,1
pantsätta,1
gränslös,1
stöd,1
graf,2
ond,2
skådespelare,1
klyfta,1
invända,1
positiv,1
snabb,1
chefredaktör,1
extern,1
fildelare,1
munk,1
fortlöpande,1
pistol,1
snarka,1
åttio,1
lyssna,1
lyda,1
utgift,1
kvalificerad,1
gräla,1
nyår,1
segrare,1
halvlek,1
stundtals,1
regelrätt,1
krok,1
stjälk,1
ny,1
övning,1
tjock,1
monarki,1
klan,1
försvarsadvokat,1
strida,1
återgå,2
avskaffande,1
omstrukturering,1
sko,1
fundamental,1
huslig,1
vattenmelon,1
år,1
sköta,1
laga,2
sång,2
repetera,1
pytteliten,1
framför,1
aktuell,1
engelsk,1
omröstning,1
polisman,1
avsedd,1
hjälte,1
hyresvärd,1
vänja,2
anförande,1
givande,1
avsändare,1
ljud,1
sten,1
lugna,1
svälta,1
betala,2
midja,1
uppköp,1
jämn,1
bekostnad,1
garn,1
raseri,1
utbyte,1
bedrägeri,1
katastrofal,1
heterosexuell,1
spalt,1
byråkrat,1
aggression,1
svårighet,1
kontor,1
botten,1
matte,1
möjligtvis,1
reparera,2
kalori,1
inflation,1
facklig,1
smälla,1
byggare,1
hur,2
medan,2
bosätta,1
panel,1
årsdag,1
förmedla,1
doktrin,1
revisor,1
barmhärtighet,1
fotbollsspelare,1
självsäker,1
inför,1
äntligen,1
vistelse,1
population,1
anstalt,1
magnetisk,1
uppge,1
sexig,1
kompatibel,1
bekvämlighet,1
prosa,1
tretton,1
kulturell,1
stil,1
arbetsplats,1
förföljelse,1
rådgivning,1
klagan,1
stämning,1
kål,3
fasad,1
parasit,1
återkoppling,1
brorsdotter,1
kurd,1
passionerad,1
etnicitet,1
kognitiv,1
bestraffning,1
pryda,1
orm,2
social,1
musik,1
koncept,1
utmärka,1
väva,1
repertoar,1
förra,1
vingård,1
verkligen,1
singel,1
könsneutral,1
inkomma,1
ikon,1
eskalera,1
ana,1
fritt,1
närvarande,1
förebild,1
svartsjuka,1
närbelägen,1
språklig,1
ark,2
oordning,1
ekosystem,1
sätt,2
djur,2
saga,1
planering,1
pedofil,1
mardröm,1
kräfta,1
egenartad,1
heta,1
vika,2
omkring,1
förutsägbar,1
lantbrukare,1
grop,1
bibel,1
baka,1
jord,2
handlande,1
otrogen,1
uppdykande,1
allmänhet,1
akademi,1
peta,2
klarhet,1
borsta,1
elementär,1
väsentligen,1
starkt,1
gränsa,1
läger,1
fördom,1
mild,1
utdelning,1
gripa,1
rättegång,1
extrem,1
binda,1
sammanföra,1
yrka,1
järn,1
dotterson,1
ersättning,1
talare,1
besökare,1
locka,1
anslag,1
oroa,1
atmosfär,1
insistera,1
principiell,1
spik,1
obehag,1
nationalitet,1
vätska,1
karta,3
kontroversiell,1
ohälsa,1
nobelpris,1
minus,1
programledare,1
senat,1
hake,1
bransch,1
kvarter,1
porr,1
nykter,1
veckotidning,1
förhållande,1
billig,1
förskräcklig,1
klara,1
marknad,1
expandera,1
påtryckning,1
sårbar,1
avslappnad,1
logga,1
avsättning,2
illvilja,1
därför,1
notis,1
rengöring,1
viss,2
fräsch,1
analog,1
uppåt,1
överlag,1
flock,1
korrigering,1
amerikan,1
uppenbart,1
rimligtvis,1
handtag,1
sammanhang,1
gifta,1
kredit,1
återvinna,2
fyrverkeri,1
synfält,1
kropp,1
sikte,1
fläck,1
broms,1
tilldelning,1
bagatell,1
karavan,1
aritmetisk,1
ganska,1
småstad,1
brutto,1
hård,2
rulla,1
dämpa,1
ungefär,1
besöka,1
strykning,1
himmelsblå,1
löpning,4
hävda,1
silver,1
motstå,1
envar,1
skissera,1
grafiker,1
försäljning,1
mästerverk,1
balansera,1
steka,1
area,1
arbetslag,1
tunnland,1
sida,2
stund,1
gudomlig,1
revidering,1
strejka,1
arvinge,1
inrikesminister,1
dig,1
mark,2
rödgrön,1
arbetssätt,1
ånga,1
avlösa,1
aktiemarknad,1
vanlig,1
ibland,1
tendens,1
socialism,1
gruppering,1
husdjur,1
manuell,1
komplettering,1
oss,1
engelska,1
uppkalla,1
närvara,1
uppehälle,1
beställa,1
koncentration,1
skinn,1
godtycklig,1
isolering,1
kvot,1
omåttlig,1
annullering,1
aktiv,1
mil,1
avvisa,1
enhetlig,1
försprång,1
listig,1
bevakning,2
glänsa,1
pånyttfödelse,1
mor,1
klo,1
frekvens,1
fil,1
lukta,1
skicklig,1
rekrytera,1
marschera,1
isolera,1
terror,1
gisslan,1
shorts,1
rak,4
itu,1
framgångsrikt,1
handflata,1
bräde,1
kopia,1
segla,1
frukta,1
liter,1
misstro,1
gröda,1
rejäl,1
substans,1
konvent,1
socialistisk,1
brista,1
mager,1
horisontell,1
keramik,1
stygg,1
tidpunkt,1
främmande,1
gas,2
mejeri,1
ide,2
levande,1
upphov,1
tillvägagångssätt,1
impuls,1
författare,1
ursäkta,1
avgörande,1
homogen,1
tvättmaskin,1
idol,1
present,1
bibehålla,1
human,1
trådlös,1
påskrift,1
jag,2
fel,2
synas,1
mall,1
hednisk,1
samexistens,1
nät,2
samarbeta,1
nöd,2
frigörelse,1
såväl,1
empati,1
formulär,1
sportig,1
intresserad,1
knut,2
bisarr,1
gräva,2
spindel,1
förvånansvärt,1
du,1
mana,1
hobby,1
belägenhet,1
kopp,4
spänn,1
fräck,1
fosterbarn,1
ambition,1
syre,1
tvätt,1
diet,2
gren,1
bredd,1
huvudroll,1
trendig,1
upplysning,1
iaktta,1
stress,1
strypa,1
kalkylera,1
stimulera,1
genre,1
fisk,2
traditionellt,1
navigera,1
separat,1
intyga,1
millimeter,1
isolerad,1
frekvent,1
lekplats,1
hundra,1
tända,2
mätt,2
avbrott,1
jämställa,1
tillkännage,1
missionär,1
tåg,3
drag,1
tillstånd,1
utvärdering,1
hövlighet,1
årlig,2
oförutsedd,1
segment,1
tangent,1
mandatperiod,1
hyresrätt,1
betvivla,1
nybyggare,1
immun,1
integrera,1
räckvidd,1
förhandling,1
stabil,1
utformning,1
susa,3
avbryta,1
fri,1
tillräckligt,1
tacksam,1
facit,1
adekvat,1
barndom,1
ärta,2
donera,1
illamående,1
ritual,1
förgrund,1
kabin,1
motion,1
sådär,1
typ,1
anfallsspelare,1
statistiker,1
tjänst,1
ideell,1
lärdom,1
kvast,2
beröm,1
matt,2
barnomsorg,1
gradera,1
fördjupa,1
sankt,1
belasta,1
säkerhet,1
förvänta,1
trovärdighet,1
offensiv,1
handduk,1
stadsbo,1
sjukvård,1
medelklass,1
orätt,1
kräm,1
vårlig,1
ocean,1
annan,1
inom,1
önskemål,1
bjuda,1
producent,1
seger,1
station,1
generalisera,1
rotera,1
löv,2
flytt,1
procedur,1
förkylning,1
förstärkning,1
lokalt,1
kulminera,1
avlopp,1
fråga,1
faktor,1
skribent,1
mån,1
socialbidrag,1
riddare,1
beröra,1
automatiskt,1
cup,2
stava,1
bukt,1
nittionde,1
folk,1
saliv,1
därtill,1
konstruktion,1
fackförening,1
samordna,1
klassificera,1
veteran,1
avdelning,1
arbetsgrupp,1
beskylla,1
syndare,1
besvära,1
vägg,1
ensamhet,1
sympatisk,1
halvö,1
bild,1
konstnärlig,1
genomresa,1
bita,1
reporter,1
grotta,1
fungera,1
cell,1
förfluten,1
bekymra,1
arbetsam,1
enda,1
inslag,1
dynamisk,1
nicka,1
frisör,1
populär,1
stycke,1
donator,1
uttrycka,1
glädje,1
visning,1
upplysa,1
arbete,1
ske,1
ökning,1
lyckligtvis,1
vagn,1
oacceptabel,1
blotta,1
maximal,1
export,1
bekännelse,1
råda,1
framöver,1
åtnjuta,1
släcka,1
beröring,1
rangordna,1
planet,1
trädgård,1
eskort,1
tilltugg,1
lunga,1
gnista,1
dansk,1
övervaka,2
mördare,1
uppståndelse,1
underrätta,1
fat,1
residens,1
runda,1
backa,1
förvara,1
guvernör,1
spark,1
jury,1
rädd,1
mörker,1
syssla,2
övergå,2
lektion,1
marxism,1
livskvalitet,1
bäck,1
säregen,1
ideologi,1
sjunka,1
övervakning,1
irrelevant,1
gråt,2
ytterst,1
kaffe,1
avskeda,1
fela,2
juni,2
självständig,1
utövare,1
rita,2
roll,1
frågeställning,1
kungörelse,1
årtusende,1
litteratur,1
dödsstraff,1
regelbunden,1
prisa,1
anordning,1
lyft,1
men,1
gömma,2
rentav,1
miste,1
aska,1
kvalifikation,1
lykta,1
platt,2
densamma,1
regelbundet,1
rationell,1
kvalitativ,1
kvist,1
bro,2
romantisk,1
disposition,1
omtänksam,1
nåd,2
subvention,1
involvera,1
emission,1
sigill,1
rida,2
antagligen,1
livlig,1
åtal,1
förvåna,1
klättra,1
utplåna,1
representation,1
munter,1
tomat,1
basilika,1
rad,1
offer,1
dyr,2
sjukförsäkring,1
proportion,1
galenskap,1
paragraf,1
orimlig,1
konfrontera,1
bredda,1
sakna,1
landsbygd,1
center,1
influensa,1
sionism,1
lillebror,1
varifrån,1
bokhandel,1
oviss,1
egentlig,2
apostel,1
underskatta,1
omloppsbana,1
tak,3
knappast,1
troligen,1
kram,2
omgående,1
torsdag,1
italienare,1
fjärran,1
periferi,1
nordlig,1
geni,1
fyrtio,1
del,2
sal,4
uppleva,1
kontroll,1
längtan,1
födsel,1
gemenskap,1
inklusive,1
portion,1
hjälpsam,1
näve,2
ilska,1
åsna,1
samordnare,1
hed,2
utbud,1
telefonnummer,1
fyrtionde,1
tår,2
snitt,1
juridisk,1
uppträda,1
studio,1
böja,1
växa,1
genuin,1
fjäril,1
invadera,1
dossier,1
kommersiell,1
väsentligt,1
aktivera,1
rasa,2
smink,1
stigning,1
partner,1
begriplig,1
avvägning,1
överräcka,1
bra,2
gyllene,1
snett,1
kulturarv,1
sola,1
ställ,1
avsevärt,1
folklig,1
resenär,1
administratör,1
solsken,1
yrkande,1
tyg,1
förena,1
manifestation,1
tvåa,1
brud,1
ljum,1
dynasti,1
ört,2
belopp,1
ram,1
olikhet,1
vrida,1
överdrivet,1
tillförsel,1
jobba,1
tunn,2
dator,1
jakt,1
reportage,1
envisas,1
januari,1
månad,1
utsikt,1
revben,1
mat,1
uppfylla,1
exemplar,1
scarf,1
otvivelaktig,1
oro,2
praxis,1
hel,2
utgå,1
kampanj,1
framsida,1
utvidga,1
rusa,3
anlägga,1
passning,1
handfat,1
avvara,1
förvirring,1
fientlighet,1
handlägga,1
vansinne,1
snickare,1
kunna,1
ras,2
boll,1
minoritet,1
visdom,1
bassäng,1
hovrätt,1
äpple,1
polismyndighet,1
trappsteg,1
innesluta,1
religion,1
någonstans,1
förbjuden,1
förteckning,1
stipendium,1
ogiltig,1
rumpa,2
kalkyl,1
herregud,1
oljepris,1
spegelbild,1
internet,1
ambassadör,1
socialtjänst,1
krona,1
födelsedag,1
åratal,1
spann,1
par,2
het,2
riktlinje,1
antik,1
företagare,1
block,1
mäklare,1
böjning,1
avkomling,1
ovanstående,1
intim,1
syfte,1
fullständigt,1
allierad,1
framkalla,1
norrman,1
allsidig,1
extremist,1
manager,1
fälla,3
uppdrag,1
felaktig,2
press,1
oskyldig,1
förbindelse,1
ålderdom,1
huva,1
tyda,1
klä,1
bekänna,1
livsfarlig,1
kryssa,1
dramatisk,1
knäppa,1
fastighetsskatt,1
utdela,1
hår,3
nord,2
olaglig,1
dryg,1
medelstor,1
upplägg,1
anstränga,1
framträdande,1
skicka,2
sök,2
trupp,1
inhemsk,1
utmana,1
säljare,1
misslyckad,1
avvärja,1
komplicera,1
viga,2
analogi,1
beväpning,1
kommunistisk,1
inbjuda,1
iakttagelse,1
italien,1
bord,2
åta,3
politik,1
rösta,1
gråta,2
fiska,1
logiskt,1
opposition,1
badrum,1
september,1
folkbildning,1
upprörd,1
alltihop,1
nedläggning,1
tallrik,1
slät,1
utav,1
värdelös,1
grovt,1
debitering,1
nyttja,1
herre,1
utslag,1
husvagn,1
disciplinär,1
särprägel,1
äga,2
fortsätta,1
snygg,1
radera,1
gratis,1
förakt,1
varje,1
mångfald,1
snöre,1
hittills,1
sakfråga,1
retorisk,1
uppfostra,1
droppe,1
meter,1
stege,1
spets,1
mobiltelefon,1
referat,1
immunitet,1
motsägande,1
plötslig,1
avbilda,1
universitet,1
unge,1
mage,1
tillämplig,1
grundskola,1
systematisk,1
tjur,1
tänka,2
hotell,1
insjö,1
nazism,1
företa,1
markant,1
reserv,1
dricks,1
ögonlock,1
blandad,1
förtjust,1
halvvägs,1
östlig,1
fördel,1
omständighet,1
överläggning,1
stål,1
klädesplagg,1
åttonde,1
under,1
granskning,1
mandat,1
däribland,1
omfång,1
eskortera,1
hämma,2
fullgöra,1
kompakt,1
på,3
skala,2
stökig,1
lämplighet,2
tusen,1
kort,3
skiva,3
skönt,2
huvudsak,1
signal,1
filosofi,1
bunden,1
frigöra,1
korsa,2
fastland,1
arbetslöshet,1
enkelt,1
protokoll,1
hyra,2
mekanism,1
försvaga,1
slakt,1
amortering,1
anstöt,1
vers,1
lillasyster,1
brådska,1
delstat,1
simbassäng,1
frukt,1
flit,2
penna,1
vidd,1
förbehåll,1
historia,1
vikt,1
sund,3
bokhylla,1
box,1
tydlig,1
troligtvis,1
dispyt,1
hoppas,1
tryck,1
utländsk,1
rekommendera,1
varsin,1
groda,1
tarm,2
eko,1
övergripande,1
stinka,1
oupphörlig,1
blogga,1
naturligt,1
droppa,1
existera,1
tillbakadragande,1
mätta,2
studium,1
orientering,1
sno,4
information,1
hemlighet,1
bekymmer,1
verkställa,1
fascist,1
döma,1
sorg,1
översyn,1
mjuk,1
backe,1
besittning,1
diameter,1
fem,3
låta,1
replik,1
ägande,1
oförändrad,1
associera,1
tillgång,1
anhörig,1
delad,1
stängd,1
konstverk,1
kretsa,1
peka,1
ledig,1
utlösa,1
betydlig,1
sjukskötare,1
sjöman,1
heltäckande,1
massaker,1
le,1
fästa,1
journal,1
talesman,1
kalas,1
finanskris,1
tolerera,1
anpassad,1
elit,2
ljuda,1
trots,1
kolla,1
sambo,1
option,1
planera,1
färdighet,1
kollektivtrafik,1
utomordentlig,1
ro,1
framåt,1
lastbil,1
lovande,1
människosyn,1
ung,1
titta,1
ambulans,1
klart,1
islam,1
fortsättning,1
ideologisk,1
fjäder,1
husgeråd,1
längs,1
bränna,1
läkemedel,1
panik,1
svek,3
ljusblå,1
lån,4
huvudman,1
disciplin,1
fruktan,1
nominell,1
mosa,1
svag,1
student,1
förstånd,1
räddning,1
flykting,1
fristående,1
dom,1
stärka,1
symbolisk,1
blond,1
varaktighet,1
anklagelse,1
recept,1
befara,1
trasig,1
expansiv,1
martyr,1
stövel,1
ovetande,1
vits,1
vända,2
jubla,2
länka,1
fraktion,1
facilitet,1
förändra,1
resultat,1
tydliga,1
engagemang,1
lösenord,1
läxa,1
krönika,1
tugga,1
oenighet,1
karakteristisk,1
mörk,1
äkta,1
änka,1
pyssla,2
depression,1
återkalla,1
älskling,1
fjärde,1
rom,4
forskare,1
dagis,1
överklass,1
hop,2
vakna,1
likadant,1
stressa,1
uppmana,1
potential,1
irritera,1
reform,1
still,1
beredskap,1
arbetskamrat,1
permission,1
tillfälligtvis,1
promenad,1
uppehållstillstånd,1
upphandling,1
lantbruk,1
lokalisering,1
parti,1
besök,1
sammanställa,1
kännetecken,1
handel,1
ihåg,1
rekommenderad,1
excellens,1
församling,1
innertak,1
membran,1
projektera,1
lund,2
rektor,2
vinning,1
tillfredsställelse,1
uppriktig,1
regemente,1
klockan,1
rik,2
illa,1
årsskifte,1
härom,1
ordförråd,1
traditionell,1
formulering,1
prestation,1
sky,1
beslutsam,1
jämförande,1
matcha,1
skalle,1
undkomma,1
råna,1
drickande,1
ett,1
klubb,1
yttrande,1
elände,1
avslag,1
informell,1
lämna,2
bädda,1
topplista,1
kraftlös,1
ryka,1
uppta,1
korporation,1
därav,1
skoja,2
predika,1
imponera,1
kommunstyrelse,1
bestrida,1
media,1
svälla,3
begrepp,1
placera,1
stridsvagn,1
döv,1
metallisk,1
hane,2
säker,1
kilogram,1
federal,1
klarvaken,1
samtidigt,1
södra,1
studerande,1
pol,2
markering,1
genomfart,1
vänsterparti,1
utforma,1
gymnasium,1
återkommande,1
aktieägare,1
själslig,1
åtta,1
ledamot,1
fildelning,1
utseende,1
kidnappning,1
trumma,1
överraska,1
flöda,1
användbarhet,1
hjord,1
undantagslöst,1
utsatt,1
exotisk,1
mottagning,1
åt,1
medlem,1
förbannad,1
tiotusentals,1
utropa,1
samband,1
praktiskt,1
undanta,1
dokumentation,1
anmälning,1
åtminstone,1
bank,1
storlek,1
varelse,1
långsam,1
marginal,1
vandring,1
äganderätt,1
grädde,1
obildad,1
utvald,1
utvärdera,1
pc,1
hjälpa,1
förtydliga,1
tecken,1
flaska,1
förfärlig,1
diplomat,1
alkoholism,1
hon,1
skydda,1
kräkas,1
gruvarbetare,1
tryne,1
slippa,1
ryss,1
påskynda,1
å,2
hinna,1
rök,2
trevlig,1
förmodligen,1
verkning,1
jämlikhet,1
omfattning,1
sjuttio,1
domstol,1
uppoffring,1
åka,2
ute,1
sajt,3
specifikation,1
demon,1
handelsman,1
femte,1
miljö,1
kongress,1
vidga,1
folkgrupp,1
talang,1
göra,2
strukturell,1
officerare,1
anknytning,1
adjö,1
fåtal,1
respekt,1
nyfikenhet,1
konsulat,1
hytt,1
spade,1
kasus,1
smart,2
hemsida,1
skandal,1
tyngd,1
inträda,1
undersida,1
rit,1
symbol,1
remissinstans,1
någorlunda,1
sådan,1
sfär,1
självfallet,1
spännande,1
villkor,1
styck,1
uppskatta,1
tillskriva,1
onormal,1
problem,1
etnisk,1
tunnelbana,1
sms,4
mängd,1
sekretess,1
fortgå,1
att,1
format,1
svägerska,1
ärorik,1
ingrepp,1
svans,2
tidig,1
hona,1
gentemot,1
nyliberal,1
normal,1
leka,1
luftfart,1
tempus,1
närvaro,1
förhandla,1
otur,1
gudinna,1
programmerare,1
tolfte,1
minister,1
förordning,2
uniform,1
egen,1
aktör,1
berättigad,1
legitimitet,1
ratificering,1
omvänt,1
käring,1
fyra,1
kasta,3
fullt,1
tillverka,1
skepp,1
frö,1
utöver,1
attityd,1
bensin,1
arbetsmiljö,1
kärnkraftverk,1
fiende,1
odla,2
överstiga,1
centralbank,1
sju,1
sydöst,1
förbättra,1
obegriplig,1
obetydlig,1
supporter,1
inre,2
omedelbar,1
redovisning,1
blivande,1
fördjupning,1
bataljon,1
övertygelse,1
ställning,1
förutse,1
särskilt,1
tanke,1
utlova,1
simhall,1
informationssamhälle,1
hekto,1
nittio,1
fin,2
mäta,2
vifta,2
respektera,1
kvällsmål,1
tillväxt,1
gärningsman,1
delegat,1
förlag,1
katalog,1
fåtölj,1
hundratusen,1
bestämmelse,1
ledarskap,1
rytm,1
högerhand,1
kapten,1
bostadsområde,1
genomsyra,1
fäste,1
fortfarande,1
barn,1
sallad,1
massvis,1
sanitär,1
mänsklighet,1
marknadsekonomi,1
inviga,1
återupprätta,1
klinisk,1
mirakel,1
mamma,1
livslång,1
manuskript,1
härma,2
tillgänglig,1
inta,2
utnämna,1
översvämma,1
inne,1
näringsminister,1
biverkning,1
okunnighet,1
pris,2
arv,2
landskap,1
import,1
sked,1
grupp,1
temperatur,1
stjäla,1
gubbe,1
foga,1
tacksamhet,1
gäng,2
kategori,1
biljett,1
vidta,2
villigt,1
japan,1
bakverk,1
planlägga,1
nation,1
sekulär,1
gissning,1
postlåda,1
baktala,1
likartad,1
precision,1
tills,1
konto,1
ondska,1
policy,1
engelsman,1
förståelig,1
orange,1
såvitt,1
intrång,1
folkrörelse,1
vardaglighet,1
källa,1
alltför,1
antikvitet,1
trafikpolis,1
riskera,1
satan,1
häxa,1
moster,1
ögonblick,1
pricka,1
jazz,1
undantag,1
dagbok,1
samverkan,1
postning,1
larma,1
åtkomst,1
toppa,1
stadig,1
deckare,1
sluttning,1
främja,1
flod,1
fundering,1
träff,1
tungt,1
fiskare,1
kvalitet,1
resolution,1
bekantskap,1
råvara,1
allergisk,1
debitera,1
utmattning,1
följa,3
förr,2
lönsam,1
irländsk,2
knepig,1
semifinal,1
rå,3
komplott,1
knall,1
rymling,1
råd,2
dricka,1
logo,1
fluga,1
sköld,1
global,1
relativt,1
fack,1
byte,1
klassa,2
drastiskt,1
förläggare,1
processor,1
breda,1
rovdjur,1
cement,1
efterlevnad,1
post,3
utifrån,1
journalist,1
möjliggöra,1
intäkt,1
framhäva,1
dit,1
uppkomma,1
värka,2
doft,1
logg,1
han,1
dela,2
svin,2
nätverk,1
tänkare,1
vinäger,1
irakisk,1
förenkling,1
stämpel,1
simmare,1
oavsett,1
blick,1
kombinera,1
signatur,1
erfara,1
gudom,1
visa,1
möta,2
historisk,1
bal,2
glatt,1
tips,2
minimal,1
dråp,1
mask,2
försiktig,1
förordna,2
intervall,1
oavbruten,1
enfamiljshus,1
förhand,1
pojkvän,1
pussel,1
februari,1
klädsel,1
rekonstruera,1
hos,2
tonfall,1
ställe,1
avgöra,1
rasist,1
mekanisk,1
ådra,1
sluta,1
insats,1
rycka,1
övrigt,1
legitim,1
böna,1
in,1
tempel,1
tillika,1
undersöka,1
förbipasserande,1
fabrik,1
hörsel,1
redogöra,1
frimärke,1
mittfält,1
notering,1
starta,1
upphöra,1
sammanfattning,1
klargöra,1
domslut,1
klot,1
flytta,1
tidigt,1
överlåta,1
distans,1
vansinnig,1
ättling,1
fransk,1
psykologisk,1
paradis,1
elastisk,1
äggvita,1
komplexitet,1
pyjamas,1
den,3
skadlig,1
kompromiss,1
afton,1
brevlåda,1
trakassera,1
arbetsmarknad,1
fånge,1
ekonom,1
samspel,1
stadium,1
rum,1
detaljerad,1
firande,1
bälte,1
aprikos,1
flicka,1
detalj,1
befordra,1
uppfinna,1
bostadsrätt,1
ödelägga,1
luftkonditionering,1
svagt,1
förlikning,1
koda,1
meddelande,1
överensstämmelse,1
dumpa,1
kunskap,1
delta,1
sannolikt,1
erinra,1
hunger,1
terminal,1
bort,1
sport,1
befintlig,1
tillfredsställande,1
försumma,1
kölvatten,1
här,3
definition,1
anslutning,1
underhåll,1
sovrum,1
uppmärksamhet,1
domare,1
belysa,1
viska,1
överordnad,1
satellit,1
slutsats,1
grav,1
muntlig,1
vidarebefordra,1
höger,1
lunch,1
klipp,1
madrass,1
försäkringsbolag,1
sy,1
intyg,1
bedra,1
intervju,1
jordbruk,1
moral,1
färga,1
poetisk,1
franska,1
nog,1
lasta,3
taxi,1
subjektiv,1
segel,2
överenskommelse,1
tillägga,1
biblisk,1
grad,2
palestinsk,1
kompis,1
spegla,1
kartläggning,1
simning,1
motståndare,1
permanent,1
dal,1
harmoni,1
blankett,1
konspiration,1
krympa,1
boss,1
ingenjör,1
samma,2
process,1
nordisk,1
republik,1
gårdag,1
avvika,1
bulletin,1
isär,2
saft,1
tiotusen,1
missnöje,2
funktionsnedsättning,1
röst,1
palm,1
trög,1
chockera,1
förbittring,1
vinna,1
diagram,1
återvinning,1
försona,1
precis,1
lura,1
ovilja,1
miljöpolitik,1
rädsla,1
motiv,1
stabilitet,1
utrota,1
smitta,1
likgiltighet,1
ånger,1
förhandsvisning,1
tysk,1
förbättring,1
vardera,1
hallå,1
buske,1
väte,1
förmån,1
trä,2
utantill,1
vad,1
ansvarig,1
eftersträva,1
medmänniska,1
utbryta,1
lansering,1
stolt,2
osannolik,1
julafton,1
hejdå,1
fram,1
leda,1
irritation,1
försändelse,1
utmanande,1
kvantitativ,1
brittisk,1
sverige,1
godis,1
specialist,1
civiliserad,1
kyssa,1
företagsamhet,1
kväve,1
fullvärdig,1
pensionering,1
gemensam,1
anställning,1
italiensk,1
invasion,1
underrättelsetjänst,1
hormon,1
tillfälle,1
djupt,1
förresten,1
långsamt,1
samtida,1
ni,1
partiledare,1
delgivning,1
väster,1
läkarvetenskap,1
undervisning,1
remsa,2
häftig,1
arm,2
apropå,1
återstående,1
växel,1
reservera,1
läsk,2
kring,1
summa,1
fientlig,2
utstrålning,1
styra,1
invandring,1
skräck,1
svärmor,1
längd,2
myt,1
observation,1
prenumeration,1
almanacka,1
häfte,1
svälja,3
mjölk,1
kontra,1
valp,1
väst,2
sörja,2
vrist,2
otalig,1
arkeologisk,1
fotografering,1
betydelsefull,1
fras,1
överklagande,1
heder,1
exempel,1
läpp,2
väg,3
skälla,1
fångenskap,1
fantasi,1
holländsk,1
vidsträckt,1
avsnitt,1
ärligt,1
slavisk,1
eliminering,1
lika,4
vild,1
upplag,1
roman,1
märkligt,1
kuriositet,1
inte,1
läsvärd,1
association,1
tuggummi,1
hantera,1
bevara,1
himmelsk,1
grubbla,1
kortfattad,1
perfektion,1
förhoppningsvis,1
våldtäkt,1
vänlig,1
konsumera,1
typiskt,1
omlopp,1
ängslig,1
dröm,2
skratt,1
kungarike,1
medborgerlig,1
tapet,1
implementera,1
genomföra,1
ort,2
träning,1
enkelhet,1
avskilja,1
sanktion,1
omsätta,1
filosof,1
förhållningssätt,1
chock,1
förmögen,1
ligga,1
ljuga,1
gods,1
nästa,1
skyldighet,1
dusch,1
betona,1
förpliktelse,1
vertikal,1
energisk,1
utkast,1
egyptisk,1
utgivning,1
set,1
växthuseffekt,1
blind,1
färsk,1
toalett,1
uppgång,1
bagage,1
prostituerad,1
funktionshindrad,1
organisering,1
såsom,2
metod,1
hälsa,1
intensiv,1
förflytta,1
åskådare,1
tråkig,1
revolution,1
uttalande,1
nominering,1
vandrarhem,1
fasta,1
tacka,1
javisst,1
kollision,1
kittel,1
erbjuda,1
motsättning,1
hacka,1
valresultat,1
komplimang,1
musiker,1
förstå,1
svara,1
uppsägning,1
naturvetenskap,1
lova,1
turne,1
författarskap,1
stängning,2
docka,1
absurd,1
självklart,1
kurdisk,1
hålighet,1
system,1
avfall,1
varpå,1
delägare,1
färdigställa,1
bestämma,1
brott,1
samtal,1
kommunism,1
akademiker,1
avläsning,1
öppet,1
uppmärksamma,1
farfar,1
kooperativ,1
orkester,1
plus,1
beaktande,1
fossil,1
shoppa,1
spelare,1
struktur,1
historik,1
motorcykel,1
mugg,1
hemlig,1
spektakulär,1
faster,1
darra,1
likkista,1
samt,1
riksdagsval,1
programvara,1
boskap,1
rulle,1
möte,2
norm,1
framställning,1
huvudstad,1
prognos,1
laddning,1
affärsverksamhet,1
adjektiv,1
spröd,1
mental,1
besvär,1
sammanträde,1
förälskad,1
entusiastisk,1
festlig,1
uträtta,2
hit,2
värna,2
barnvagn,1
marskalk,1
avla,1
risk,1
effekt,2
avse,1
översikt,1
skelett,1
paraply,1
avancera,1
besätta,2
ockupation,1
långtgående,1
njutning,1
ordentlig,1
moske,1
jude,1
desto,1
förutsätta,1
demonstration,1
finger,1
medlemsland,1
färd,2
vinst,1
alltjämt,1
tobak,1
tillkännagivande,1
bostad,1
befogenhet,1
operatör,1
reklamera,1
skär,3
konstigt,1
moderskap,1
bättra,1
tillställning,1
äventyrare,1
läge,1
minimera,1
dos,3
gynna,1
samförstånd,1
odödlig,1
verkställare,1
konsolidering,1
åldring,1
kapitel,1
ansikte,1
existens,1
uppvisa,1
överraskning,1
auktion,1
lyfta,1
statistik,1
nationalist,1
vägavgift,1
självförtroende,1
minderårig,1
fresta,1
förklara,1
beskrivning,1
utvecklingsland,1
kopiering,1
rejält,1
överensstämma,1
värk,1
muta,1
restriktiv,1
experimentell,1
kämpe,1
pluton,1
grön,1
like,1
barack,1
flerårig,1
arg,1
konvention,1
norrut,1
jurist,1
mervärde,1
dop,3
promenera,1
sammanbrott,1
territoriell,1
val,3
innebära,1
inkludera,1
rutten,1
invalid,1
förlorare,1
medalj,1
åtgärd,1
våld,1
smyga,1
förolämpning,1
förräderi,1
forskning,1
bebyggelse,1
pyramid,1
saklig,1
skugga,2
upplösa,1
omvända,1
sanning,1
skattebetalare,1
premie,1
bokföring,1
kommendant,1
utöva,1
äventyr,1
distrikt,1
handbok,1
svettig,1
pekfinger,1
förbrukare,1
bomb,1
delikat,1
fuktighet,1
skola,2
handla,1
skinka,1
flexibel,1
humanistisk,1
modernisering,1
räddare,1
inrikespolitik,1
storm,1
republikan,1
stigande,1
helgdag,1
division,1
uppkomst,1
symbolisera,1
subtrahera,1
kalla,1
legitimera,1
i,1
läsare,4
trend,1
obligatorisk,1
utarbeta,1
projekt,1
tradition,1
klassisk,1
slav,1
svika,1
möjligt,1
så,3
korthet,1
sammanträda,1
adressera,1
hämta,1
turnering,1
flexibilitet,1
uttal,1
rot,1
genomgående,1
utmärkt,1
avresa,1
grundtanke,1
europa,1
far,2
ränta,1
utvisa,1
drog,1
monopol,1
sekreterare,1
förvärv,1
balkong,1
infödd,1
samling,1
instruktör,1
präst,1
kontakta,1
givare,1
motgång,1
man,1
hoppa,1
förverkligande,1
likaså,1
förare,1
tragedi,1
tillsynsmyndighet,1
elva,1
energi,1
självkänsla,1
envis,1
föråldrad,1
allra,1
representant,1
fånga,1
japansk,1
välsigna,1
kortvarig,1
rekonstruktion,1
diplom,1
nuvarande,1
speciell,1
ständigt,1
representera,1
direktör,1
hjort,1
giltighet,1
reception,1
dokument,1
golv,1
oerhörd,1
utbetalning,1
materia,1
fundament,1
hora,1
innevånare,1
eftermiddag,1
föreställa,1
högljudd,1
klimat,1
ämnesområde,1
plakat,1
introducera,1
bildande,1
äventyra,1
fakultet,1
avtryck,1
bravo,1
ungdom,1
trött,1
kontinuerlig,1
runtom,1
tillåtelse,1
koordinera,1
funktionshinder,1
explodera,1
reaktionär,1
ena,1
blåsa,1
överflöd,1
förorena,2
ansluten,1
tillbaka,1
igenom,1
sänka,1
transport,1
opponent,1
marknadsföring,1
domkyrka,1
rankning,1
långsamhet,1
nacke,1
fotgängare,1
pump,2
absolut,1
påminna,1
anläggning,1
ogilla,1
dagstidning,1
gymnasist,1
avtäcka,1
hindra,1
förhoppning,1
vittna,1
födelse,1
anamma,1
vinka,1
armbandsur,1
provins,1
gym,1
polisstation,1
terapeutisk,1
ungdomstid,1
straffspark,1
gärna,2
välkomna,1
kind,1
befruktning,1
maj,1
skog,1
akta,1
avsikt,1
fysik,1
kontant,1
pittoresk,1
märka,1
lyckad,1
sistnämnd,1
retur,1
fusion,1
kirurg,1
territorium,1
misslyckande,1
tillsättning,1
bilda,1
chaufför,1
skapa,2
bildning,1
medgivande,1
borra,1
oxe,1
sannerligen,1
mysterium,1
tredje,1
bror,1
organisk,1
egenhet,1
europeisk,1
huvudperson,1
närmande,1
korrespondent,1
teatralisk,1
landslag,1
instruera,1
såga,2
demokrati,1
region,1
begränsad,1
symptom,1
besparing,1
anmäla,1
konfiguration,1
geting,1
infarkt,1
efter,1
proklamera,1
världskrig,1
rasism,1
dyster,1
sortiment,1
tändsticka,1
skattemässig,1
idag,1
socialdemokrat,1
erövra,1
knäcka,1
dåtid,1
skägg,1
kammare,1
storebror,1
slant,1
bergig,1
patient,1
knyta,1
gris,1
spion,1
envishet,1
stormig,1
period,1
bedöma,1
ägare,1
tråkighet,1
näring,1
humanist,1
utbrott,1
bär,1
uttala,1
sed,1
svamp,2
suverän,1
skollov,1
omstridd,1
oavgjord,1
fest,1
kunglig,1
släkting,1
komisk,1
parkering,1
tjat,1
träda,1
begrava,1
stort,1
avsevärd,1
fredag,1
totalt,1
sonson,1
heller,1
onödig,1
tillverkare,1
majs,1
hyvel,1
trycka,1
styrka,1
oväntat,1
hantverkare,1
minnas,1
verklig,1
guide,1
horisont,1
patriotisk,1
apparatur,1
nyck,1
anda,1
annanstans,1
profetia,1
debut,1
underkänna,1
utlopp,1
rotation,1
kvällsmat,1
kaos,2
någonsin,1
argumentera,1
anlända,1
julklapp,1
dryck,1
väninna,1
galax,1
konservator,1
militär,1
fred,1
stall,1
förutsägelse,1
betingelse,1
brunn,2
uppenbar,1
förknippa,1
överväldigande,1
eftergift,1
båge,1
missfall,1
kork,1
studie,1
utse,1
kunnig,1
duscha,1
drake,1
inställa,1
snabbköp,1
konventionell,1
lagstifta,1
frikänna,1
huruvida,1
beträffande,1
byråkrati,1
delaktighet,1
avancerad,1
dotterbolag,1
sex,1
urval,1
blunda,1
avföring,1
långfristig,1
likadan,1
diagnos,1
eliminera,1
våldta,1
svängning,2
utomhus,1
tunnel,1
resande,1
förråda,1
återse,2
svärson,1
uppror,2
bröllop,1
ros,4
läka,2
bebo,1
avsluta,1
fint,1
protest,1
rop,4
plantera,1
befalla,1
slag,1
skjuta,1
bana,1
arrangemang,1
exportera,1
utvinna,1
mönster,1
respons,1
stereotyp,1
tillräcklig,1
logik,1
uppför,1
per,2
åtala,1
jämnt,1
planta,1
härska,1
dussin,1
autentisk,1
klump,1
gäst,4
bit,1
relevant,1
ensamt,1
avdrag,1
påfallande,1
strand,1
beroende,1
fukt,1
surfa,1
privilegium,1
troll,1
morot,1
måla,1
poesi,1
toffel,1
din,2
para,2
gradvis,1
adressat,1
uppgradering,1
skorsten,1
händelse,1
utrikesminister,1
feminism,1
illusion,1
bläddra,1
skötsel,1
undersökning,1
snarare,1
misslyckas,1
tillsyn,1
bromsa,1
återförsäljare,1
dessvärre,1
skylt,1
begravning,1
dike,1
annons,1
frånvaro,1
opassande,1
uppehåll,1
riksdagsman,1
samisk,1
teknik,1
genomgång,1
recensera,1
västra,1
pojke,1
färdas,1
besläktad,1
magister,1
berömdhet,1
konjunktur,1
öster,1
mellan,1
andlig,1
flyga,1
trygghet,1
utesluta,1
regelverk,1
resurs,1
lever,1
underhålla,1
flagga,1
plagg,1
pipa,1
dubbel,1
framträda,1
garanterat,1
beslutsfattande,1
balk,1
privat,1
budskap,1
koppla,1
stöld,1
sand,3
härifrån,1
päron,2
rikedom,1
brottas,1
inkvartering,1
dock,1
politiskt,1
deprimerad,1
empirisk,1
naturlig,1
grunda,1
hjärna,1
ursprunglig,1
ångest,1
passion,1
antiken,1
attraktion,1
tekanna,1
decimeter,1
gen,2
räv,2
bluff,1
underminera,1
slita,3
lydnad,1
nöt,2
vanligtvis,1
modersmål,1
driva,1
ironi,1
berättiga,1
åkomma,1
investering,1
andning,1
känslighet,2
skaldjur,1
artikel,1
mössa,2
nutid,1
evigt,1
anvisa,1
avsiktlig,1
kost,3
blogginlägg,1
städa,1
bada,1
beståndsdel,1
privatisera,1
abonnemang,1
folkmord,1
stum,1
vård,2
bekämpa,1
tystnad,1
kines,1
ockupera,1
snyggt,1
handledare,1
därefter,1
utåt,1
finanspolitik,1
repris,1
lördag,1
alster,1
befrielse,1
slappna,1
valla,1
bättre,1
television,1
pilot,1
förestå,1
därigenom,1
hantering,1
rensning,1
portfölj,1
soluppgång,1
fixa,1
väder,1
ambitiös,1
spektrum,1
förplikta,1
akvarium,1
krabba,1
skatt,2
kritisera,1
ursäkt,1
syna,1
privatliv,1
förmögenhet,1
överleva,1
hysa,2
deras,1
parkera,1
avgrund,1
tillägna,1
meditation,1
rimlig,1
fly,1
imperialistisk,1
proletär,1
låsa,7
sannolikhet,1
data,1
hurra,1
renlighet,1
drottning,1
norr,1
nationalism,1
misstänksam,1
forntid,1
odds,1
korv,3
väsentlig,1
gest,1
cykla,1
storstad,1
systematiskt,1
euro,1
underordnad,1
riklig,1
försvinna,1
lita,1
urskilja,1
hjältinna,1
tusentals,1
tema,1
frustration,1
tillfredsställa,1
rutt,1
tycka,1
gärning,1
brottsling,1
laboratorium,1
skriva,1
tala,2
övertygad,1
folkomröstning,1
real,1
ratificera,1
konung,1
simulering,1
utgöra,1
härmed,1
legend,1
shopping,1
land,1
smula,1
älg,1
arbetarparti,1
leverans,1
orörlig,1
skatta,2
börda,1
handfull,1
förbannelse,1
anta,2
port,3
potatis,1
hyfsat,1
beslutsamt,1
arrangera,1
invandringspolitik,1
slumpmässig,1
överfall,1
sylt,1
bero,1
produkt,1
efterfrågan,1
tjeckisk,1
trollkarl,1
aluminium,1
karriär,1
strejk,1
embryo,1
tillträda,1
sjöfart,1
akustisk,1
kina,2
pension,1
straffa,1
orättvisa,1
dyrbar,1
gissa,1
internationellt,1
regelbundenhet,1
skrivning,1
utreda,1
dåvarande,1
spola,1
antydning,1
kritisk,1
angripa,1
idiot,1
antagande,1
kanadensisk,1
frånta,1
löpa,7
straff,1
defekt,2
givetvis,1
tränga,1
eller,1
annars,1
motivering,1
klippa,1
överste,1
passa,2
fröken,1
däck,1
nuläge,1
förtjänst,1
förevändning,1
ratt,1
fördelaktig,1
då,3
ätt,1
låna,1
verktyg,1
vrå,2
skärgård,1
hot,2
ovanlig,1
effektivisera,1
kartong,1
blomma,1
bosättning,1
suck,2
ovanpå,1
hemland,1
bliva,1
älska,1
stjärna,1
passagerare,1
krut,1
översätta,1
förvärva,1
få,3
inkomst,1
dumhet,1
världsekonomi,1
beslutsamhet,1
fjorton,1
sexa,1
omställning,1
viskning,1
utmaning,1
förebyggande,1
vetenskapligt,1
hierarki,1
härleda,1
provision,1
verkligt,1
känneteckna,1
vd,2
rent,2
förtryck,1
rättfärdiga,1
mål,2
vänta,1
liberal,1
karl,1
avhandling,1
ruin,2
löst,1
obekant,1
genomskinlighet,1
däremot,1
uppstå,1
tillstyrka,1
grafik,1
avtala,1
knytnäve,1
industri,1
liberalism,1
bestraffa,1
utveckla,1
borgerlig,1
spår,1
initiativ,1
intryck,1
blandning,1
strumpa,1
blogg,1
metodik,1
veckodag,1
ju,1
hektar,1
livmoder,1
orättvis,1
handläggning,1
begåvad,1
insättning,1
framme,1
ytlig,1
sammantaget,1
sponsra,1
exponera,1
lantlig,1
differentiera,1
väl,1
förvåning,1
apparat,1
nuförtiden,1
understödja,1
blödning,1
chef,2
konst,1
konvertera,1
adoption,1
kakao,2
serb,2
nedre,1
återfå,1
både,1
verkstad,1
mineral,1
igår,1
demokratisk,1
miljöparti,1
målgrupp,1
konstant,1
avspegla,1
pensel,1
förvarna,1
hängivenhet,1
blixtsnabbt,1
teori,1
poet,1
uppfinning,1
glass,2
förmoda,1
hopplös,1
käke,1
ärlighet,1
illustration,1
exploatering,1
upp,1
håll,1
återställa,1
inköp,1
skifta,1
konstruktiv,1
bli,1
be,2
helg,1
rike,1
avrätta,2
bitter,1
tiger,1
köpman,1
minut,1
hota,2
kyla,1
asiatisk,1
staty,1
korsning,1
örn,2
cykelväg,1
släppa,2
årtionde,1
nybörjare,1
utsliten,1
pop,4
intressent,1
hälsning,1
institutionell,1
strategi,1
tung,1
underteckna,1
förgäves,1
centrera,1
uttryck,1
ty,2
ansträngning,1
tal,3
referens,1
flotta,1
stuga,1
duva,2
medelålder,1
genom,1
avstå,1
nazist,1
värdighet,1
placering,1
less,1
trygg,1
kol,1
femtionde,1
profet,1
reservation,1
indikation,1
matlagning,1
utsida,1
bibliografi,1
kristendom,1
gnida,1
drygt,1
prioritera,1
gryta,1
bemanning,1
kör,7
beredning,1
copyright,1
allians,1
överhuvudtaget,1
somna,1
frälsare,1
underlätta,1
kandidat,1
motorväg,1
brorson,1
rep,2
effektivitet,1
ortodox,1
orolighet,1
skara,2
oväder,1
fotografisk,1
kastrull,1
ömtålig,1
individ,1
extremt,1
kärnkraft,1
repetition,1
unik,1
förenlig,1
hall,1
askkopp,1
nere,1
semester,1
inblandning,1
slut,1
värma,2
mystisk,1
fiktiv,1
aktualitet,1
indisk,1
kultiverad,1
köra,7
jo,2
succe,1
bevittna,1
anslå,1
ramla,2
paket,2
virtuell,1
otrolig,1
smärtsam,1
vakta,1
byggnad,1
våning,1
upplaga,1
självklarhet,1
trakt,1
förbrukning,1
ifrågasätta,1
motsvara,1
tvål,1
säng,2
långsiktig,1
konsumtion,1
säck,1
konsultera,1
servitör,1
tjäna,1
inrätta,1
innovation,1
avvikelse,1
ledighet,1
utrymme,1
klok,2
jävel,1
ingripa,1
avge,1
optimism,1
höja,1
rörlighet,1
sparsamhet,1
folie,1
fullmakt,1
hamna,1
sekund,1
emellan,1
lat,1
kompetent,1
lättnad,1
rikta,2
synd,2
försvar,1
avgå,1
kompensera,1
skådespel,1
underkläder,1
omvårdnad,1
krigare,1
förespråkare,1
uppförande,1
kval,1
analytisk,1
socialdemokratisk,1
mellanrum,1
dugg,2
ateist,1
drivande,1
häpnadsväckande,1
avfärd,1
persika,1
påbörja,1
kontrovers,1
betrakta,1
begära,1
motsats,1
plågsam,1
person,1
tillkomma,1
utopi,1
absorbera,1
skada,1
gränd,1
morbror,1
resultera,1
gestalt,1
sjätte,1
uppfostran,1
exil,1
genus,1
handledning,1
vara,1
citat,1
skörda,1
grilla,1
storbritannien,1
återstå,1
matsal,1
efterfölja,1
om,1
gälla,3
dålig,1
skånsk,1
tall,1
tråd,2
katastrof,1
primär,1
sammanslutning,1
dotterdotter,1
abstrakt,1
cynisk,1
barnslig,1
dygd,1
stadfästa,1
bidra,2
glad,1
öra,3
hål,3
tillgänglighet,1
etablissemang,1
sökmotor,1
vinnande,1
substantiv,1
medveten,1
skildra,1
väska,2
glasögon,1
ut,1
kultur,1
statsminister,1
jordisk,1
tionde,1
tand,1
onödigt,1
livskraftig,1
bestämdhet,1
front,1
introduktion,1
riksdagsbeslut,1
usch,1
videokamera,1
reformation,1
grammatik,1
rådfråga,1
trötthet,1
täckning,1
höna,1
förrän,1
tröttna,1
lagråd,1
smörja,1
äldre,1
animation,1
revidera,1
högtidlig,1
muskel,1
härja,1
hiss,1
eländig,1
stadga,1
tåla,1
konfirmation,1
kassaskåp,1
överväldiga,1
donation,1
syskon,1
gånger,1
ordspråk,1
ficklampa,1
poängställning,1
miljard,1
vacker,1
förbi,1
tablett,1
gryning,1
mycket,1
hemma,1
kall,1
girighet,1
olycklig,1
diplomatisk,1
hatt,1
mustasch,1
sektor,2
civil,1
snöa,1
sparv,1
nittonde,1
begeistring,1
smak,3
skämma,1
nedanför,1
granat,1
biolog,1
oväsen,1
puls,1
avskrivning,1
kyrklig,1
fordra,1
bot,1
frigivning,1
statsmakt,1
sjukskrivning,1
fält,1
avslutningsvis,1
utgivare,1
simma,2
polsk,1
meningsfull,1
ungdomsförbund,1
gammaldags,1
kvalificering,1
framförallt,1
övertyga,1
realitet,1
utbredd,1
gymnastik,1
inrikes,1
tjänare,1
realisera,1
emellertid,1
hiv,2
tonvikt,1
tjata,1
hal,1
antenn,1
modern,1
enormt,1
gynnsam,1
diskret,1
april,1
augusti,1
kritiker,1
bete,1
väljare,1
gott,1
likhet,1
förväntning,1
smör,1
fosterland,1
välja,2
godkännande,1
officiellt,1
upphetsning,1
gratulation,1
arme,1
orolig,1
tränare,1
jämvikt,1
brödraskap,1
animering,1
frisk,1
högskola,1
tveksam,1
otrevlig,1
varaktig,1
tomhet,1
bidrag,1
sur,1
uppmärksam,1
bottenvåning,1
tvärtom,1
farmor,1
projektledare,1
företrädesvis,1
prövning,1
flöde,1
lära,7
katolik,1
försvinnande,1
kund,2
sinne,2
smutsig,1
infektion,1
vädja,1
beteckna,1
rand,3
jämte,1
explicit,1
gevär,1
banal,1
utrotning,1
restriktion,1
modernisera,1
interagera,1
grekland,1
utanför,1
gård,2
tredjedel,1
ironisk,1
jävla,1
ansökning,1
segerrik,1
bullrig,1
kärnpunkt,1
påverka,1
försvarsmakt,1
sorglig,1
målvakt,1
härlighet,1
rutnät,1
kär,7
uppriktigt,1
hjälplös,1
indignation,1
dröja,1
publikation,1
frånvarande,1
orientera,1
vilken,1
titt,2
tum,1
treårig,1
ofta,1
publicering,1
burk,1
löpare,4
snar,1
städning,1
makt,1
kvartal,1
trasa,1
ersätta,1
släpa,3
utgång,1
fängsla,1
ritning,1
rapportering,1
butiksägare,1
fullbordande,1
original,1
morgondag,1
genomskinlig,1
led,1
veto,1
avslappning,1
andas,1
trehundra,1
valrörelse,1
okunnig,1
matta,1
kapabel,1
mun,1
satsa,1
ihärdig,1
konduktör,1
öga,2
multimedia,1
sann,1
framställa,1
spelning,1
löjlig,1
mestadels,1
historiskt,1
party,1
bråka,1
rusta,1
intresse,1
steg,1
fängelse,1
reglera,1
kniv,1
ingripande,1
flera,1
återfinna,1
skänka,1
tagning,1
bandit,1
blod,1
vänskap,1
amatör,1
upprepning,1
jaså,1
trottoar,1
inflammation,1
greve,1
drastisk,1
sjua,1
också,1
handling,1
lista,2
anka,2
offra,1
diskriminering,1
smäll,2
fotograf,1
extraordinär,1
mör,2
varandra,1
israel,1
snubbe,1
eget,2
sjunga,1
förvisso,1
obligation,1
hålla,3
diktatur,1
efteråt,1
skoj,1
över,2
omfatta,1
ägna,1
kylig,1
maskulin,1
kommun,1
svära,2
satsning,1
skrika,1
utvändig,1
kombination,1
allihop,1
förnya,1
vildsvin,1
fjärrkontroll,1
utsändning,1
november,1
diskussion,1
bön,1
återspegla,1
österut,1
häkta,1
reglemente,1
bönfalla,1
koordinator,1
min,2
bud,1
psykisk,1
målning,1
snus,1
kronisk,1
medborgarskap,1
blank,1
opera,1
samlag,1
korn,1
fridfull,1
svart,2
intressera,1
vittnesbörd,1
istid,1
mot,3
hastighet,1
fullborda,1
sammanfoga,1
låg,1
län,4
posta,1
moralisk,1
underskott,1
foder,1
farmaceutisk,1
nödvändig,1
skriftlig,1
föreläsning,1
redigera,1
klunga,1
senator,1
tävling,1
återkomma,1
exekutiv,1
foto,1
borta,1
berg,1
exponering,1
därifrån,1
uppdatera,1
diabetes,1
resebyrå,1
försyn,1
värva,2
inspektera,1
förlänga,1
skönhet,1
relevans,1
oföränderlig,1
rena,1
jägare,1
utgåva,1
inkassera,1
serum,1
tidning,1
klaga,1
hylla,1
formellt,1
klappa,2
indikator,1
skillnad,1
administration,1
därutöver,1
besiktning,1
sensationell,1
knop,1
kemist,1
kvar,1
värt,2
jobbig,1
rinna,2
kvart,2
annonsera,1
lång,1
grekisk,1
undgå,1
beordra,1
förorsaka,1
presidium,1
ökänd,1
sjutton,1
grym,1
övertygande,1
gardin,1
övrig,1
hållplats,1
mörkhyad,1
befäl,1
underskrift,1
reflex,1
seminarium,1
skrivelse,1
problematisk,1
alliansregering,1
buller,1
resonemang,1
tillhörande,1
artig,1
konkurrenskraftig,1
exemplarisk,1
institution,1
fotboll,1
stöta,2
västerländsk,1
anor,1
hänföra,1
armbåge,1
paviljong,1
ull,1
ordning,1
revolutionär,1
skattesänkning,1
inbegripa,1
beskydd,1
samtycka,1
fantastisk,1
vuxen,1
förståelse,1
sträng,1
hertig,1
er,1
arbetarklass,1
underlag,1
stötta,1
portal,1
onsdag,1
förstärka,1
avgång,1
sondotter,1
salt,3
häva,3
anse,2
kostym,1
troende,1
rapport,1
invandrare,1
lärande,2
överge,2
förberedelse,1
kriminell,1
prenumerera,1
grannskap,1
presskonferens,1
utkant,1
omnämnande,1
peng,1
misstag,1
doktor,1
generalsekreterare,1
stryk,1
opublicerad,1
fransman,1
missbruka,1
latinsk,1
preferens,1
orgel,1
pensionär,1
kommissarie,1
epos,1
tidtabell,1
spårning,1
dagordning,1
organisatorisk,1
stränghet,1
vardag,1
tidskrift,1
återgälda,1
detsamma,1
klagomål,1
sned,1
spöke,1
underlydande,1
tillförlitlighet,1
forn,2
kritik,1
lagligt,1
kemikalier,1
slakta,1
oliv,1
skolflicka,1
företrädare,1
biträdande,1
mala,2
förbrylla,1
omkrets,1
fotografi,1
överlägsen,1
stift,1
förnybar,1
borttagning,1
lina,2
etcetera,1
bärare,1
ceremoni,1
sångerska,1
tillkomst,1
grönska,1
tumör,1
disk,2
litterär,1
villa,2
kamera,1
bemärkelse,1
tömma,1
express,1
okultiverad,1
förvaltning,1
massiv,1
deklarera,1
uppbyggnad,1
postulat,1
fart,2
lugnt,1
basera,1
motor,1
koldioxidutsläpp,1
monument,1
reklam,1
påträffa,1
lägga,1
president,1
nedåt,1
anklagad,1
territorial,1
debattör,1
dialekt,1
sammanfattningsvis,1
skandinavisk,1
sist,1
materiel,1
skaft,1
visare,1
blad,1
konkurrent,1
tydliggöra,1
dyrkan,1
revision,1
ända,1
upprätta,1
objekt,1
olympisk,1
begär,1
kolumn,1
kopiera,1
fullkomligt,1
upptagen,1
lamm,1
medvetslös,1
projektering,1
regering,1
ledarsida,1
finansiell,1
utsökt,1
motivera,1
maskin,1
sjuksköterska,1
merit,1
gruva,1
kalsong,1
flygbolag,1
ädelsten,1
gram,2
numera,1
otroligt,1
lös,7
vackert,1
moped,1
reseledare,1
alls,1
hållbar,1
bröd,1
nödvändigtvis,1
föreläsa,1
deg,1
ryssland,1
skäl,3
sats,2
virus,1
censur,1
rakning,1
fångst,1
spektakel,1
framtida,1
anseende,1
uppslag,1
huvudrollsinnehavare,1
sopa,3
betalning,2
uppsyn,1
uppvärmning,1
problematik,1
spänd,1
oriktig,1
gitarr,1
insändare,1
knuffa,1
lyxig,1
tvåhundra,1
arkitektur,1
anständig,1
magi,1
bergstopp,1
föreskriva,1
realistisk,1
ombud,1
judisk,1
aspekt,1
sikta,2
vik,1
valuta,1
tragisk,1
misshandel,1
stråla,1
synnerligen,1
löpande,2
halka,1
sammankalla,1
göteborg,1
mig,1
kärnvapen,1
beskydda,1
välgörande,1
son,4
expansion,1
sakkunnig,1
högkonjunktur,1
uppdra,1
variabel,1
tvåsidig,1
sträva,2
tipsa,2
friskola,1
bredband,1
fästning,1
passera,1
psykologi,1
marin,1
myra,1
kanin,1
strukturera,1
bota,2
hörn,1
grå,1
lustig,1
föresats,1
angå,1
tjugonde,1
bevarande,1
avdelningschef,1
förnekande,1
ikväll,1
nämnd,1
expedition,1
stimulans,1
förflyta,1
vikarie,1
desperat,1
överse,2
feminin,1
lycklig,1
vinge,1
frakta,1
tålmodigt,1
öde,1
sträcka,1
besvärlig,1
kärleksfull,1
kontinuitet,1
massera,1
ponny,1
klapp,2
trafik,1
skrämmande,1
van,2
gruppledare,1
brådskande,1
nationalekonomi,1
massage,1
galler,1
kameraman,1
färja,1
frihet,1
mus,2
tvekan,1
belägen,1
härskare,1
stämpla,1
nationell,1
evig,2
bonde,1
grannland,1
plåga,1
försämring,1
ta,1
säsong,1
motivation,1
tjuv,1
översvämning,1
lodrät,1
dra,2
vilja,2
anlag,2
benämna,1
drama,1
riksförbund,1
märkbar,1
tack,1
rättfärdig,1
uppsättning,1
sekel,1
beväpnad,1
berätta,2
framsteg,1
förbinda,1
dokumentera,1
ställa,3
inleda,1
konkurrera,1
balans,1
måhända,1
gröt,2
kejsardöme,1
hus,2
avskaffa,1
reda,1
individuell,1
undervisa,1
anlita,1
demonstrant,1
nitton,1
norra,1
brandman,1
öst,2
vanligt,1
maskineri,1
orsak,1
livstid,1
ask,2
upphovsman,1
föregå,1
regera,1
relativ,1
österrikisk,1
högtalare,1
syster,1
identitet,1
måne,1
klämma,1
hastigt,1
infektera,1
ärende,1
elektronisk,1
tes,1
sponsor,1
kapell,1
säkerligen,1
diktator,1
migration,1
syndrom,1
jämställdhet,1
krossa,1
söder,1
ärva,2
blygsam,1
blott,1
krama,1
nazistisk,1
död,1
meddela,1
gåta,3
presidentval,1
interpellation,1
förenkla,1
aids,1
betecknande,1
kärna,1
utland,1
lejon,1
många,1
organisera,1
provocera,1
försening,1
nära,2
hederlig,1
suveränitet,1
illustrera,1
medvetenhet,1
fönsterbräda,1
lysa,1
försämra,1
arbetstillfälle,1
utskrift,1
hänförelse,1
offentlig,1
attack,1
etablerad,1
förvaltare,1
skrik,1
medlemskap,1
splittra,1
argument,1
fastna,1
helgon,1
lite,1
körning,4
manlig,1
ovanför,1
förekomst,1
didaktisk,1
juli,1
erkänna,1
värdig,1
nödvändighet,1
växthusgas,1
lagstiftare,1
eftertanke,1
nominera,1
el,2
rädda,1
medvetet,1
arbetstid,1
uppväxt,1
inhämta,1
spannmål,1
desperation,1
hypotekslån,1
relation,1
försvarsminister,1
kust,3
artificiell,1
nio,2
läggning,1
bur,2
nationalistisk,1
solid,1
kam,1
bara,1
gata,2
drömma,1
ojämlikhet,1
skick,1
apotek,1
målare,1
motstånd,1
international,1
heltid,1
oändlighet,1
renhet,1
hemort,1
kika,4
kostnad,1
annorlunda,1
pinsam,1
övervägande,1
kollaps,1
skenbar,1
bloggare,1
skörd,1
duell,1
dykning,1
uppdatering,1
returnera,1
sexuell,1
kollega,1
grek,2
samarbetspartner,1
lopp,4
uppenbarligen,1
service,1
turkisk,1
odling,1
ensidig,1
modell,1
kraftig,1
statsråd,1
läskig,1
tillfälligt,1
moms,1
censurera,1
hög,1
återge,2
svininfluensa,1
översättare,1
lik,1
gammal,1
cirkel,1
slösa,3
fett,1
lott,2
mobbning,1
dessförinnan,1
spotta,1
spinna,1
varför,1
värme,1
fordon,1
benämning,1
restaurering,1
växt,1
motsvarande,1
inneha,1
seriös,1
medicin,1
genomgripande,1
bemästra,1
trådbuss,1
århundrade,1
federation,1
näringsidkare,1
specialisera,1
pulver,1
kompositör,1
nackdel,1
erkännande,1
skryta,1
taktisk,1
råka,5
verka,1
förslag,1
ekologisk,1
koncentrera,1
noggrann,1
förvandling,1
hyckleri,1
tilltro,1
latin,1
överlägsenhet,1
alltid,1
förekomma,1
kraftverk,1
tillgå,1
bildlig,1
sedan,2
välkänd,1
nedskärning,1
förening,1
butik,1
dyrka,1
sammanslagning,1
tystna,1
naken,1
tass,2
juridik,1
utnämning,1
stormakt,1
sucka,1
suppleant,1
geografisk,1
liga,1
angränsande,1
läder,1
konsistens,1
vän,1
främsta,1
variation,1
apa,2
ansvar,1
ordförande,1
anteckna,1
hårdvara,1
koffert,1
unna,2
själv,2
miljontals,1
varsel,1
statsbidrag,1
halv,2
pott,1
handikapp,1
pingst,1
skilsmässa,1
odemokratisk,1
frist,1
studenthem,1
försvara,1
gudstjänst,1
specificera,1
slang,1
aktivitet,1
tagg,1
fyllning,1
påve,2
funktionell,1
dollar,1
tusental,1
pärla,2
beklaga,1
körsbär,1
infrastruktur,1
park,1
judendom,1
administrera,1
lindra,1
sammankoppla,1
linje,1
variera,1
försäkra,1
häpnad,1
knippe,1
teknisk,1
sälja,1
mod,2
köpare,4
tänkande,1
terapi,1
lord,2
prestera,1
ja,1
fenomen,1
äldreomsorg,1
instinkt,1
gemensamt,1
session,1
syd,1
föreståndare,1
nionde,1
reducera,1
kreativitet,1
from,1
precisera,1
en,1
hända,1
återta,2
klausul,1
svärdotter,1
målsättning,1
onekligen,1
kvinna,1
inledning,1
djärv,1
blinka,1
allergi,1
maträtt,1
förlossning,1
tabell,1
hopp,1
långsiktigt,1
känsel,1
god,1
förutsättning,1
speciellt,1
samman,1
varning,1
politisk,1
bortse,1
inspiration,1
utspel,1
initiera,1
elektricitet,1
heja,2
spis,2
nervös,1
blek,1
liten,1
begripa,1
schack,1
klocka,1
sovjetisk,1
avbetalning,1
dominerande,1
kroppslig,1
anställa,1
kreativ,1
därvid,1
törst,1
medfölja,1
oundviklig,1
världsomfattande,1
inlämna,1
nivå,1
tuff,1
smärta,1
tillåten,1
vilse,1
realism,1
samtidig,1
tristess,1
postkontor,1
familj,1
ytterligare,1
förutom,1
analysera,1
stackars,1
inskränka,1
finna,2
skära,3
nyttig,1
bricka,1
beräkna,1
öppenhet,1
stam,1
indirekt,1
tokig,1
rasande,1
djup,2
preliminär,1
december,1
myndighet,1
motsatt,1
spänna,1
hitta,1
övergrepp,1
underhållning,1
installation,1
ekologi,1
vaktmästare,1
någonting,1
komplicerad,1
enastående,1
upplevelse,1
mata,1
omvandling,1
kommando,1
utan,1
universell,1
ovannämnd,1
mästerskap,1
informativ,1
hjärtlig,1
peppar,1
alldaglig,1
verkställande,1
dem,3
framföra,1
ursprungligen,1
skild,1
försvarare,1
innan,1
landa,1
tyst,1
återuppta,1
föra,2
avslutad,1
sår,3
kapitalist,1
föregångare,1
må,2
instrument,1
utmärkelse,1
essens,1
centerparti,1
bereda,1
exklusiv,1
fängelsestraff,1
tillfredsställd,1
yrke,1
generera,1
trea,1
demo,1
stockholm,1
formation,1
vax,1
landsting,1
kapitalistisk,1
anvisning,1
bostadsmarknad,1
pedagogik,1
bröstkorg,1
kanske,1
femma,2
elektrisk,1
operera,1
differentiering,1
material,1
frukost,1
server,1
utbredning,1
löjtnant,1
trivsam,1
direktiv,1
konsument,1
faktisk,1
pågående,1
utredare,1
härröra,1
parlamentsledamot,1
förtjäna,1
design,1
kränka,1
mina,1
tvivelaktig,1
förolämpa,1
företag,1
innovativ,1
förundersökning,1
huvudkontor,1
kvitto,1
hink,1
odjur,1
effektiv,1
lugn,1
deltagare,1
elegant,1
cirkulera,1
gränssnitt,1
kapplöpning,1
undvika,1
filosofisk,1
slöseri,1
tvilling,1
syntetisk,1
hugga,1
rund,3
tålmodig,1
kuvert,1
kommentar,1
meningslös,1
alfabet,1
sällskap,1
fullmäktige,1
lätt,2
premiärminister,1
skapare,1
gratulera,1
tvivel,1
tjänstgöra,1
förhöra,1
glidning,1
album,1
stång,2
gurka,1
reagera,1
mjöl,1
allting,1
återuppliva,1
fadd,1
nyhet,1
snäll,2
föreligga,1
erhålla,1
närhet,1
essä,1
statist,1
månljus,1
månadsskifte,1
sista,1
personlig,1
sömn,1
renovering,1
vålla,2
kommission,1
kommunal,1
radio,1
paradox,1
måndag,1
opinionsundersökning,1
utomordentligt,1
tona,2
tolk,1
lossna,1
leverantör,1
linne,1
vetande,1
matvara,1
lojalitet,1
omringa,1
strömbrytare,1
möjlig,1
inrikta,1
sannolik,1
klient,1
termin,1
förbränning,1
väldigt,1
längta,1
historiker,1
förort,1
skal,1
civilbefolkning,1
gud,2
blå,1
aktiebolag,1
gran,2
lår,7
helhet,1
järnväg,1
tvivla,1
medial,1
dill,1
muslim,1
sjukhus,1
anspråk,1
estetisk,1
energikälla,1
netto,1
röra,2
värd,2
rysk,1
dörr,2
staket,1
sig,1
falla,1
hud,2
kompetens,1
destination,1
förfalskning,1
rengöra,1
vaka,2
vändning,1
ärlig,2
vägledning,1
exploatera,1
västerut,1
organisatör,1
integritet,1
rygg,1
galning,1
överföra,1
obefintlig,1
skicklighet,1
tilldela,1
tyvärr,1
återhållsamhet,1
uppmaning,1
noll,1
homosexualitet,1
si,1
belastning,1
de,2
personlighet,1
sortera,1
luthersk,1
full,1
välstånd,1
smuts,1
temperament,1
beväpna,1
storskalig,1
strömning,1
vulgär,1
behandla,1
närstående,1
sova,2
tillvaro,1
spänning,1
packa,1
konfrontation,1
rebell,1
innehåll,1
sprida,1
meny,1
trettio,1
integration,1
mormor,1
medeltida,1
förövare,1
försegla,1
konkurrens,1
etisk,1
verksam,1
progressiv,1
merpart,1
hemvist,1
samhälle,1
ekvation,1
ugn,3
hov,2
sända,1
erotisk,1
fyndighet,1
konstitutionell,1
månatlig,1
tillmötesgå,1
avskedsansökan,1
frisersalong,1
statlig,1
defensiv,1
veckoslut,1
omtyckt,1
måleri,1
föda,2
bekräfta,1
läcka,1
drink,1
bo,2
turism,1
entre,1
fiber,1
finans,1
kännare,1
tippa,2
kommunicera,1
kontinent,1
mista,1
lätta,1
beskåda,1
arabisk,1
distribution,1
privatisering,1
anekdot,1
allvar,1
prova,1
antisemitism,1
brutal,1
originell,1
intill,1
ägg,1
proffs,1
grundlig,1
honom,1
återkomst,1
general,1
tjocklek,1
stöna,1
form,2
rörande,2
söt,2
monster,1
telekommunikation,1
regelvidrig,1
olja,1
koldioxid,1
nämligen,1
raket,2
tull,1
imperialism,1
redogörelse,1
propagera,1
streck,1
festa,1
allmänt,1
midsommar,1
parlament,1
vidrig,1
nutida,1
knacka,1
vapen,1
behålla,1
godkänna,1
konstitution,1
narkotikum,1
intention,1
konversation,1
observera,1
fritid,1
välbefinnande,1
socialförsäkring,1
radie,1
packning,1
ed,2
nöje,2
arab,1
löntagare,1
inlagd,1
principiellt,1
hysteri,1
linjär,1
borste,1
älskare,1
ögonkast,1
segling,1
mellantid,1
säkert,1
exakt,1
inträde,1
terräng,1
utkomma,1
underkastelse,1
stilla,1
uran,1
avlyssna,1
tegel,1
se,1
låtsas,1
likgiltig,1
proportionell,1
projektil,1
vodka,1
ärm,2
magisk,1
verbal,1
åtstramning,1
bio,1
statisk,1
veck,1
viktig,1
omedveten,1
stolpe,1
reduktion,1
idrottsplats,1
bruk,1
sväva,2
instämma,1
prestigefylld,1
hej,2
arkeolog,1
påtaglig,1
oskuld,1
multiplicera,1
rugby,1
slump,1
uppföljning,1
smeka,1
assistera,1
bergskam,1
rigorös,1
gång,2
finsk,1
avgift,1
skapelse,1
synvinkel,1
invigning,1
underhållande,1
tält,1
stav,2
falsk,1
uppgå,1
komplettera,1
garanti,1
debattera,1
medge,1
samverka,1
summering,1
koncession,1
variant,1
tillgodose,1
strålande,1
dominans,1
grymhet,1
bokning,1
bråkdel,1
laglighet,1
takt,2
dotter,1
omedelbart,1
kejsare,1
trakasseri,1
urholka,1
kakelplatta,1
stånd,1
utfärda,1
turist,1
gå,1
krav,1
kommunfullmäktige,1
prägel,1
nå,2
kött,2
solig,2
tiga,2
hämnd,1
sjunde,1
mena,1
nedan,2
motverka,1
plattform,1
belöna,1
hennes,1
klassrum,1
seglare,1
kontakt,1
arbetsgivaravgift,1
äktenskaplig,1
liv,1
axel,1
gaffel,1
molnig,1
nia,1
publicera,1
aktion,1
popularitet,1
subventionera,1
skift,1
politiker,1
lägenhet,1
glädja,1
rabatt,1
irakier,1
benägenhet,1
ridå,1
namn,1
blodig,1
doktorsgrad,1
monitor,1
endast,1
pappa,2
fördelning,1
användande,1
upplösning,1
brytning,1
reell,1
parallellt,1
påföljd,1
överträdelse,1
sockel,1
innehålla,1
frid,1
skrivare,1
klicka,1
konsert,1
skräp,1
arbetsmarknadspolitik,1
realisering,1
bindel,1
löfte,1
förband,1
folkmassa,1
när,2
lösa,7
berättelse,1
restaurang,1
strunta,1
kaka,1
bedrift,1
skönlitteratur,1
teleskop,1
violin,1
öm,2
dominera,1
prestige,1
mygga,1
mottaga,1
köp,7
dam,2
laglig,1
undertröja,1
pelare,1
brist,1
vägra,1
vrede,1
vårdcentral,1
sjösätta,1
ange,1
styrelseledamot,1
lön,4
förmå,1
språk,1
åklagare,1
teoretisk,1
folkhögskola,1
regional,1
israelisk,1
elektronik,1
iväg,1
kinesisk,1
slänga,1
klimatförändring,1
bränsle,1
behörighet,1
not,3
gap,2
maila,1
försakelse,1
generös,1
juice,1
papper,1
terrorist,1
fredlig,1
psykiatri,1
sponsring,1
aktning,1
mottagande,1
spekulera,1
fru,1
införande,1
fysiskt,1
årstid,1
millennium,1
ingenting,1
misstänka,1
egendom,1
sandstrand,1
naturligtvis,1
ordentligt,1
tolerans,1
psalm,1
begrunda,1
högkvarter,1
uppträdande,1
kista,2
strid,1
karakteristik,1
ensam,1
koll,1
successivt,1
inbjudan,1
inspektion,1
utstyrsel,1
intensitet,1
avtal,1
korrekt,1
inriktning,1
behörig,1
textstorlek,1
separation,2
rubrik,1
lycka,1
grundlag,1
beslag,1
brandkår,1
restaurera,1
hyllning,1
fullmåne,1
milligram,1
förkortning,1
program,1
fördubbla,1
underrättelse,1
gunga,1
spridning,1
grattis,1
tekniker,1
ideal,1
uppenbara,1
kula,1
nyans,1
högt,1
följd,1
krets,1
bak,2
bilateral,1
salong,1
metalltråd,1
tanka,1
vänskaplig,1
räka,5
hund,1
betyg,1
företräda,1
teknologi,1
farhåga,1
inneslutning,1
visserligen,1
dum,1
upprop,2
betoning,1
återbetala,1
injektion,1
tia,2
lärd,1
oljud,1
tankegång,1
aptit,1
årligen,1
nolla,1
centrum,1
bistånd,1
bruka,1
användbar,1
upprättande,1
arkitektonisk,1
pristagare,1
lärarinna,1
mästare,1
nödhjälp,1
angelägenhet,1
sekundär,1
någon,1
soldat,1
definiera,1
rörlig,1
efterlysa,1
räkning,3
rest,1
störa,2
värdera,1
mentalitet,1
ortopedi,1
pass,1
efterträdare,1
mix,1
diktera,1
gräns,1
uteslutning,1
tejp,1
skratta,1
skattepengar,1
etapp,1
bemanna,1
fler,1
användning,1
genomförande,1
upphängning,1
kläder,1
riksdagsledamot,1
musikalisk,1
välmående,1
krage,1
inflytande,1
förbud,1
överlämna,2
relik,1
enhällig,1
ordningsföljd,1
radikal,1
huvudsakligen,1
berömma,1
passage,1
godhet,1
kompani,1
välta,1
öken,1
betjäning,1
stanna,1
konferens,1
hedra,1
befattning,1
behöva,1
hållning,1
vaken,1
världsåskådning,1
algoritm,1
sak,4
skuld,1
svaghet,1
dödsfall,1
rekord,1
tillhörighet,1
skolkamrat,1
agerande,1
montera,1
verb,1
av,1
klar,1
insyn,1
varva,1
elefant,1
bål,1
femtio,1
familjemedlem,1
intervention,1
växtlighet,1
navigation,1
smaklig,1
timme,1
omöjlig,1
idrott,1
samtycke,1
skolgång,1
jurisdiktion,1
hemifrån,1
samstämmighet,1
konvergens,1
gul,1
tyngdkraft,1
fast,2
pröva,1
publicitet,1
rättfärdigande,1
trolig,1
komplex,1
rådgivare,1
hebreisk,1
olivolja,1
ekolog,1
taliban,1
aha,1
lärjunge,1
ruta,1
specialisering,1
bortskämd,1
tvättmedel,1
internt,1
måtta,2
vin,3
detta,1
mars,2
slutligen,1
utforska,1
mejl,1
maximum,1
författningsenlig,1
lag,2
fattig,1
vandra,1
självständigt,1
sömnig,1
med,2
känslig,2
trappa,1
prostitution,1
värde,1
redaktion,1
agentur,1
mapp,2
halt,2
demonstrera,1
försörjning,1
tittare,1
teologisk,1
minska,1
förstås,1
lossa,2
förmyndare,1
likväl,1
nederlag,1
skärm,1
plast,1
återuppståndelse,1
sent,2
något,1
välvillig,1
hedervärd,1
kolossal,1
ö,2
lögn,1
hungrig,1
miljövänlig,1
självdeklaration,1
betydelse,1
reta,2
kiosk,1
aktivering,1
annat,1
universum,1
register,1
vitlök,1
ingå,1
lagstiftande,1
neutral,1
medverkan,1
udda,1
flickvän,1
praktisk,1
grund,1
enstaka,1
hemskt,1
myr,1
muslimsk,1
teckning,1
käka,2
bevaka,2
plocka,1
mätning,1
avskedande,1
analys,1
konstnär,1
kontrakt,1
inledande,1
termisk,1
anmälan,1
levnadsstandard,1
huvudämne,1
flyg,1
sparande,1
förfall,1
episod,1
utlämna,1
smörgås,1
korruption,1
häromdagen,1
motsägelse,1
övertid,1
krig,1
version,1
bearbeta,1
stråle,1
aveny,1
ihop,1
sticka,1
biologisk,1
tvång,1
oförmögen,1
montering,1
vinter,1
sällsynt,1
debatt,1
etikett,1
fartyg,1
rutin,1
dekoration,1
våldsam,1
kusin,1
tysta,1
ledare,1
kärlek,1
närma,1
hat,2
aktivt,1
rekommendation,1
lågkonjunktur,1
godtagbar,1
robust,1
kalcium,1
försöka,1
kristen,1
vettig,1
cancer,1
stek,3
kylskåp,1
uppe,1
incident,1
intensifiera,1
slutta,1
sextionde,1
knekt,1
människa,1
tisdag,1
styrelse,1
eld,1
livsstil,1
automatisk,1
sysselsättning,1
konkurs,1
himla,1
medföra,1
förlust,1
buss,1
normalt,1
kanal,1
föreställning,1
delegera,1
handlare,1
utskott,1
torde,1
föreskrift,1
gästfrihet,1
rätta,3
helvete,1
soffa,1
stiftelse,1
korg,1
alternativ,1
etik,1
dokumentär,1
relatera,1
avlägga,1
duktig,2
hjälm,1
motorbåt,1
ordförandeskap,1
firma,1
betong,1
ansats,1
uppslutning,1
sittplats,1
svenska,1
forum,1
fastighet,1
torn,1
tyska,1
oönskad,1
svensk,1
bakom,1
skynda,1
kompensation,1
fastslå,1
alstra,1
väsen,1
manipulera,1
frost,1
snacka,1
tveka,1
konspirationsteori,1
tråkigt,1
ignorera,1
skapande,1
noggrant,1
ämbete,1
våga,2
titel,1
element,1
upptäcka,1
förbereda,1
redaktör,1
aggressiv,1
valsedel,1
saknad,1
sjukpenning,1
uppvisning,1
campus,1
betinga,1
stad,1
scen,1
väldig,1
varannan,1
psykiskt,1
konservativ,1
björn,1
lockelse,1
såg,1
opinionsbildning,1
acceptans,1
check,1
vision,1
skede,1
skruva,1
behållare,1
marxist,1
kondom,1
förrädare,1
fördriva,1
åska,1
brunch,1
bemöta,1
pirat,1
matematisk,1
återhämta,1
gräl,1
beskattning,1
inbilla,1
tillskott,1
kult,2
måttlig,1
getto,1
arena,1
partnerskap,1
applicera,1
spärra,1
förflyttning,1
dårskap,1
försök,1
märke,1
bröst,1
bindande,1
slöja,1
fascinerande,1
veranda,1
automat,1
ombildning,1
således,1
konstig,1
ton,2
avvakta,1
ödmjukhet,1
berömd,1
leva,2
personal,1
penningpolitik,1
jätte,1
konsult,1
beröva,1
dräkt,1
åter,2
känna,2
vart,2
spana,1
image,1
separera,2
svett,1
otillåten,1
ämbetsman,1
kila,4
etablering,1
söndag,1
trivas,1
etta,2
ersättare,1
devalvering,1
förklaring,1
slopa,1
kardinal,1
tillhöra,1
jämföra,1
utomlands,1
polen,1
uppnå,1
minsann,1
överlevnad,1
erövring,1
fantisera,1
flygplats,1
optimal,1
soppa,1
vadå,1
befinna,1
kjol,2
sakta,1
kvarvarande,1
hälsosam,1
koefficient,1
kommunistparti,1
utförande,1
tillflykt,1
implementering,1
ansökan,1
plikt,2
kreditkort,1
överträffa,1
kupp,2
nyss,1
kostnadsfri,1
lagtext,1
tillvara,1
pub,1
äta,3
citera,1
träna,1
fördöma,1
inspelning,1
rättsväsende,1
bräda,1
bulle,1
stöt,1
oräknelig,1
förlåt,1
upphetsa,1
hälla,3
tillgivenhet,1
kemikalie,1
blyertspenna,1
djävul,1
genombrott,1
utfrågning,1
ropa,3
ansöka,1
komponent,1
höjd,1
urban,1
umgås,1
standard,1
skifte,1
radikalt,1
spara,1
övertala,2
störta,1
omge,1
biograf,1
lök,3
formulera,1
byxa,1
kortsiktig,1
befallning,1
grädda,1
hänsyn,1
tom,2
jämt,1
mjukvara,1
grind,1
svida,1
nyhetsbrev,1
kollapsa,1
auktorisera,1
arbetsliv,1
förkasta,1
insamling,1
narkoman,1
denna,2
kraft,1
besviken,1
utvidgning,1
påminnelse,1
förverkliga,1
bakterie,1
sexton,1
kung,2
särskild,1
avstånd,1
säkerställa,1
typisk,1
pjäs,3
grundare,1
sammansatt,1
styrelseordförande,1
vitamin,1
dag,1
skärpa,2
kliva,1
stab,1
arbetare,1
volontär,1
atlet,1
central,1
misstänkt,1
flyktingpolitik,1
slips,2
vattna,1
bar,2
synsätt,1
språng,1
komposition,1
älskarinna,1
middag,1
atom,1
bekymrad,1
spansk,1
kritiskt,1
kontanter,1
slitage,1
sekvens,1
motsätta,1
sammanlagd,1
bunt,1
expertis,1
extra,1
tolkning,1
bygge,1
leksak,1
kemi,1
tidsskrift,1
fattigdom,1
lysande,1
makthavare,1
ändå,1
tillämpa,1
påstående,1
tvist,1
trygga,1
lem,1
öppna,1
sökning,3
begå,1
identifiera,1
övergiven,1
ryttare,1
omslag,1
civilisation,1
mynning,1
kyrka,1
fatta,1
respektive,1
möjligen,1
möbel,1
växellåda,1
kamrat,1
sofistikerad,1
avspänd,1
officiell,1
ved,1
tennis,1
öka,2
ohyra,1
kapital,1
patent,1
hand,2
gåva,3
applåd,1
reproduktion,1
inblick,1
karaktärsdrag,1
artikulera,1
kassa,2
stryka,1
genomslag,1
kärl,2
nål,2
valfri,1
storasyster,1
mur,2
humör,1
inflytelserik,1
okunskap,1
blixt,1
systerdotter,1
väga,2
investera,1
slapp,2
uppgörelse,1
återvända,1
anställd,1
oj,1
entreprenör,1
kansli,1
sprit,1
häst,4
bortom,1
registrering,1
blockad,1
just,3
mörda,1
vittnesmål,1
kvantitet,1
lins,1
genial,1
timmerstock,1
framgå,1
äng,1
evangelium,1
smidig,1
evenemang,1
sammanställning,1
vem,2
förfarande,1
stavning,1
solnedgång,1
iakttagare,1
